               epoch,      train/box_loss,      train/obj_loss,      train/cls_loss,   metrics/precision,      metrics/recall,     metrics/mAP_0.5,metrics/mAP_0.5:0.95,        val/box_loss,        val/obj_loss,        val/cls_loss,               x/lr0,               x/lr1,               x/lr2
                   0,            0.060562,            0.049103,            0.050694,             0.73552,             0.31656,             0.34529,             0.19706,            0.039141,            0.030064,            0.027309,           0.0033313,           0.0033313,            0.070018
                   1,            0.047583,            0.044463,            0.026883,             0.63176,             0.48154,             0.48595,             0.28828,            0.037283,             0.02984,            0.018477,           0.0066646,           0.0066646,            0.040018
                   2,            0.047025,            0.046522,            0.023471,             0.69328,             0.42132,             0.47196,             0.26441,            0.039085,            0.032107,            0.017806,           0.0099976,           0.0099976,            0.010018
                   3,            0.045342,            0.047502,            0.022759,             0.69557,             0.53289,             0.56028,             0.33727,            0.034863,             0.02962,            0.013757,           0.0099992,           0.0099992,           0.0099992
                   4,            0.042967,            0.045996,            0.020205,             0.73486,               0.543,             0.59476,             0.37318,            0.033257,            0.029059,            0.012753,           0.0099992,           0.0099992,           0.0099992
                   5,            0.041557,             0.04573,            0.018813,             0.72753,             0.58395,             0.63529,             0.40285,            0.031728,            0.027964,            0.011501,           0.0099986,           0.0099986,           0.0099986
                   6,            0.040431,            0.044424,            0.017804,             0.78036,             0.57682,             0.65526,             0.42381,            0.030977,            0.027286,            0.010976,           0.0099978,           0.0099978,           0.0099978
                   7,            0.039763,            0.044415,            0.017009,             0.73158,             0.62393,             0.67589,             0.44525,            0.030296,            0.026905,            0.010133,           0.0099968,           0.0099968,           0.0099968
                   8,            0.039264,            0.043604,            0.016362,             0.76916,             0.59377,             0.68206,             0.45375,            0.030046,            0.026856,            0.009965,           0.0099956,           0.0099956,           0.0099956
                   9,            0.038697,            0.043264,             0.01596,             0.72624,             0.66039,             0.70589,             0.47448,            0.029322,            0.026376,           0.0091988,           0.0099943,           0.0099943,           0.0099943
                  10,             0.03832,            0.042949,            0.015749,             0.74527,             0.66927,              0.7216,             0.48463,             0.02895,            0.025647,           0.0089914,           0.0099928,           0.0099928,           0.0099928
                  11,            0.037982,            0.042945,            0.015321,             0.79299,             0.65087,             0.73236,              0.4998,            0.028192,            0.025299,           0.0086263,           0.0099911,           0.0099911,           0.0099911
                  12,            0.037738,            0.042141,            0.015211,             0.76784,             0.68247,             0.74223,              0.5131,            0.028002,            0.024988,            0.008393,           0.0099893,           0.0099893,           0.0099893
                  13,            0.037491,            0.042215,            0.015031,              0.7786,             0.66898,             0.74601,             0.52048,            0.027631,            0.024858,           0.0081132,           0.0099872,           0.0099872,           0.0099872
                  14,            0.037365,            0.041951,            0.014597,             0.78843,             0.67164,             0.75343,             0.52607,            0.027292,            0.024536,           0.0079418,            0.009985,            0.009985,            0.009985
                  15,            0.037089,             0.04185,            0.014334,             0.76742,             0.70536,             0.76407,             0.54235,            0.026915,            0.024242,           0.0076487,           0.0099826,           0.0099826,           0.0099826
                  16,            0.036771,            0.041652,            0.014113,             0.77744,             0.71256,              0.7682,             0.54491,            0.026593,            0.023914,           0.0073788,             0.00998,             0.00998,             0.00998
                  17,            0.036575,            0.041333,            0.013992,             0.78554,             0.70279,             0.78257,             0.55826,             0.02622,            0.023621,           0.0072026,           0.0099773,           0.0099773,           0.0099773
                  18,            0.036544,            0.041353,            0.014025,             0.79267,             0.72112,             0.78848,              0.5614,            0.026217,            0.023609,           0.0071362,           0.0099744,           0.0099744,           0.0099744
                  19,            0.036577,             0.04149,            0.013751,             0.76476,             0.73946,             0.78827,             0.56392,            0.025938,            0.023303,           0.0069246,           0.0099713,           0.0099713,           0.0099713
                  20,             0.03617,            0.040911,            0.013571,             0.79659,             0.72364,             0.79335,             0.57009,            0.025728,            0.023243,            0.006773,            0.009968,            0.009968,            0.009968
                  21,             0.03622,            0.041171,            0.013414,             0.77831,             0.73251,             0.80349,             0.57656,            0.025496,             0.02303,           0.0065789,           0.0099645,           0.0099645,           0.0099645
                  22,             0.03617,            0.040768,            0.013393,             0.76763,             0.75415,             0.81275,              0.5864,            0.025381,            0.022948,           0.0064754,           0.0099609,           0.0099609,           0.0099609
                  23,            0.036068,            0.040792,            0.013439,             0.80358,             0.73623,             0.81714,             0.58851,            0.025259,            0.022773,           0.0064214,           0.0099571,           0.0099571,           0.0099571
                  24,            0.035944,            0.041032,             0.01323,             0.75843,             0.77341,             0.81852,             0.59557,            0.025085,             0.02262,           0.0061685,           0.0099531,           0.0099531,           0.0099531
                  25,            0.035743,            0.040541,            0.013076,             0.77944,             0.78158,             0.82296,             0.60003,            0.024929,             0.02253,           0.0060865,           0.0099489,           0.0099489,           0.0099489
                  26,            0.035862,            0.040632,            0.013051,             0.82193,             0.75326,             0.82583,             0.60301,            0.024809,            0.022401,           0.0059607,           0.0099446,           0.0099446,           0.0099446
                  27,             0.03565,            0.040697,            0.013052,             0.80011,             0.76543,             0.82807,             0.60852,             0.02472,            0.022318,           0.0059509,           0.0099401,           0.0099401,           0.0099401
                  28,            0.035597,             0.04045,            0.012857,             0.75601,              0.7951,             0.83033,             0.61142,            0.024626,            0.022222,           0.0058973,           0.0099354,           0.0099354,           0.0099354
                  29,            0.035508,             0.04027,            0.012818,             0.82521,             0.75009,             0.83631,             0.61649,            0.024498,             0.02215,            0.005794,           0.0099305,           0.0099305,           0.0099305
                  30,            0.035639,            0.040191,            0.012827,             0.82447,             0.75545,             0.83916,             0.62154,            0.024391,            0.022119,            0.005734,           0.0099255,           0.0099255,           0.0099255
                  31,            0.035349,            0.040194,            0.012538,             0.78897,             0.78862,             0.84122,             0.62564,            0.024307,            0.022017,           0.0056707,           0.0099203,           0.0099203,           0.0099203
                  32,            0.035351,             0.04025,            0.012641,             0.80924,              0.7797,             0.84085,             0.62531,            0.024238,            0.021983,           0.0056224,           0.0099149,           0.0099149,           0.0099149
                  33,            0.035289,            0.039924,             0.01244,             0.83377,              0.7676,              0.8432,             0.62667,            0.024188,             0.02192,            0.005595,           0.0099093,           0.0099093,           0.0099093
                  34,            0.035327,            0.040235,              0.0126,             0.82438,             0.77789,             0.84565,             0.62819,            0.024111,            0.021873,           0.0055171,           0.0099036,           0.0099036,           0.0099036
                  35,            0.035154,            0.039814,            0.012481,             0.82462,              0.7809,             0.84834,             0.63077,            0.024062,            0.021806,           0.0054524,           0.0098977,           0.0098977,           0.0098977
                  36,              0.0352,            0.039879,            0.012541,             0.82936,             0.78091,             0.85193,             0.63329,            0.024024,            0.021761,           0.0054114,           0.0098916,           0.0098916,           0.0098916
                  37,            0.035028,            0.039869,            0.012293,             0.84876,             0.77056,             0.85353,             0.63553,            0.023973,            0.021704,           0.0053684,           0.0098854,           0.0098854,           0.0098854
                  38,             0.03507,            0.039762,            0.012267,             0.84951,             0.77775,              0.8548,             0.63795,            0.023922,            0.021663,           0.0053459,           0.0098789,           0.0098789,           0.0098789
                  39,            0.035159,            0.040086,            0.012361,             0.84896,             0.78268,             0.85617,             0.63858,            0.023892,            0.021622,           0.0053285,           0.0098723,           0.0098723,           0.0098723
                  40,            0.034969,            0.039902,            0.012206,             0.84948,             0.78166,             0.85833,             0.63987,            0.023854,            0.021599,           0.0052982,           0.0098656,           0.0098656,           0.0098656
                  41,            0.035039,            0.039454,            0.012248,             0.84828,             0.78441,             0.85951,             0.64001,            0.023814,            0.021562,            0.005268,           0.0098586,           0.0098586,           0.0098586
                  42,            0.035042,            0.039966,            0.012307,              0.8421,             0.79173,             0.85942,             0.64024,            0.023785,            0.021536,           0.0052443,           0.0098515,           0.0098515,           0.0098515
                  43,            0.034901,            0.039781,            0.011993,              0.8567,             0.78659,             0.86103,              0.6407,            0.023753,            0.021507,           0.0052187,           0.0098442,           0.0098442,           0.0098442
                  44,            0.034932,            0.039745,            0.012193,             0.85289,             0.78807,             0.86198,             0.64113,            0.023729,            0.021473,           0.0051991,           0.0098368,           0.0098368,           0.0098368
                  45,            0.034945,            0.039817,            0.011987,             0.85281,             0.78982,             0.86197,             0.64155,            0.023704,             0.02144,            0.005177,           0.0098291,           0.0098291,           0.0098291
                  46,            0.034851,            0.039521,            0.011956,             0.85351,             0.79054,             0.86213,             0.64214,            0.023679,            0.021409,           0.0051538,           0.0098213,           0.0098213,           0.0098213
                  47,            0.034775,            0.039453,            0.012037,              0.8515,             0.79015,             0.86232,             0.64415,            0.023656,            0.021383,           0.0051336,           0.0098133,           0.0098133,           0.0098133
                  48,            0.034685,            0.039355,            0.011959,             0.84988,             0.78961,             0.86306,             0.64497,            0.023627,            0.021357,           0.0051097,           0.0098052,           0.0098052,           0.0098052
                  49,            0.034859,            0.039589,            0.012094,             0.85202,             0.78893,             0.86366,              0.6452,            0.023602,            0.021333,           0.0050887,           0.0097969,           0.0097969,           0.0097969
                  50,            0.034638,            0.039293,            0.011709,             0.84588,              0.7925,             0.86531,             0.64687,            0.023579,            0.021308,           0.0050652,           0.0097884,           0.0097884,           0.0097884
                  51,            0.034594,            0.039047,            0.011859,             0.84562,             0.79503,             0.86664,             0.64838,            0.023561,            0.021285,           0.0050403,           0.0097798,           0.0097798,           0.0097798
                  52,            0.034699,            0.039474,            0.011856,             0.84505,             0.79893,             0.86741,             0.64804,            0.023542,            0.021259,           0.0050214,           0.0097709,           0.0097709,           0.0097709
                  53,            0.034646,            0.039155,            0.011884,             0.84972,              0.7964,             0.86864,             0.64922,            0.023521,            0.021233,           0.0049994,           0.0097619,           0.0097619,           0.0097619
                  54,            0.034655,            0.039679,            0.011629,             0.84772,             0.80021,             0.87028,             0.64944,            0.023497,            0.021204,           0.0049743,           0.0097528,           0.0097528,           0.0097528
                  55,            0.034569,            0.039218,            0.011778,             0.84985,             0.79768,             0.87062,             0.65068,            0.023475,             0.02118,           0.0049574,           0.0097435,           0.0097435,           0.0097435
                  56,            0.034568,            0.038992,            0.011769,             0.85162,             0.79623,             0.87081,              0.6513,            0.023457,            0.021157,           0.0049434,            0.009734,            0.009734,            0.009734
                  57,            0.034611,            0.039255,            0.011759,             0.85122,             0.79643,             0.87137,             0.65184,            0.023439,            0.021133,             0.00493,           0.0097243,           0.0097243,           0.0097243
                  58,            0.034566,            0.039455,            0.011636,             0.84684,             0.80411,              0.8725,             0.65288,            0.023423,            0.021111,           0.0049101,           0.0097145,           0.0097145,           0.0097145
                  59,            0.034389,            0.039316,            0.011787,             0.84963,              0.8013,             0.87247,             0.65419,            0.023403,            0.021087,           0.0048916,           0.0097045,           0.0097045,           0.0097045
                  60,            0.034517,             0.03937,            0.011675,             0.84737,             0.80177,             0.87379,             0.65522,            0.023384,            0.021068,           0.0048713,           0.0096943,           0.0096943,           0.0096943
                  61,            0.034516,            0.039391,            0.011586,             0.84633,             0.80362,             0.87437,             0.65505,            0.023368,            0.021044,            0.004855,            0.009684,            0.009684,            0.009684
                  62,            0.034381,            0.038991,            0.011721,             0.85075,             0.80235,             0.87513,             0.65606,            0.023348,            0.021016,           0.0048358,           0.0096735,           0.0096735,           0.0096735
                  63,            0.034293,            0.038808,            0.011553,             0.85129,             0.80269,             0.87538,              0.6569,            0.023328,            0.020991,           0.0048163,           0.0096628,           0.0096628,           0.0096628
                  64,            0.034386,            0.038952,            0.011685,             0.85081,             0.80474,             0.87615,             0.65717,             0.02331,            0.020967,            0.004796,            0.009652,            0.009652,            0.009652
                  65,            0.034352,            0.038843,             0.01143,             0.84997,             0.80651,             0.87601,             0.65713,            0.023294,            0.020939,           0.0047767,            0.009641,            0.009641,            0.009641
                  66,            0.034331,            0.039058,            0.011655,             0.85148,              0.8057,             0.87691,             0.65862,            0.023286,            0.020917,           0.0047604,           0.0096299,           0.0096299,           0.0096299
                  67,            0.034404,            0.038903,             0.01145,             0.85128,             0.80551,              0.8782,             0.65905,            0.023272,            0.020892,           0.0047438,           0.0096186,           0.0096186,           0.0096186
                  68,            0.034359,            0.038833,            0.011492,             0.85006,             0.80438,              0.8781,             0.65989,            0.023255,             0.02087,           0.0047294,           0.0096071,           0.0096071,           0.0096071
                  69,             0.03424,            0.038935,            0.011483,             0.84054,             0.80875,             0.87858,             0.66043,             0.02324,            0.020845,           0.0047149,           0.0095955,           0.0095955,           0.0095955
                  70,            0.034376,            0.038961,            0.011482,             0.84037,             0.81009,             0.87892,             0.66045,            0.023227,            0.020821,           0.0046993,           0.0095837,           0.0095837,           0.0095837
                  71,            0.034105,            0.038861,            0.011306,             0.84092,             0.81029,             0.87975,             0.66141,            0.023214,            0.020798,           0.0046847,           0.0095717,           0.0095717,           0.0095717
                  72,            0.034105,            0.038739,            0.011442,             0.83204,             0.81832,             0.87994,             0.66159,              0.0232,            0.020777,           0.0046719,           0.0095596,           0.0095596,           0.0095596
                  73,            0.034166,            0.038763,            0.011356,             0.83441,             0.81961,             0.88019,             0.66306,            0.023186,            0.020751,           0.0046584,           0.0095473,           0.0095473,           0.0095473
                  74,            0.034205,            0.038594,            0.011389,             0.83193,             0.82207,             0.88093,              0.6637,            0.023177,            0.020727,           0.0046451,           0.0095349,           0.0095349,           0.0095349
                  75,            0.034129,            0.038616,            0.011305,             0.83524,             0.82132,              0.8811,             0.66372,            0.023163,            0.020703,           0.0046288,           0.0095223,           0.0095223,           0.0095223
                  76,            0.034223,            0.038859,            0.011202,             0.84336,             0.81508,             0.88154,             0.66512,             0.02315,            0.020687,           0.0046134,           0.0095095,           0.0095095,           0.0095095
                  77,               0.034,            0.038803,            0.011217,             0.84735,             0.81139,             0.88279,             0.66611,            0.023135,             0.02067,           0.0045996,           0.0094966,           0.0094966,           0.0094966
                  78,            0.034083,            0.038416,            0.011238,             0.84871,             0.81082,             0.88361,             0.66675,            0.023123,            0.020648,           0.0045854,           0.0094835,           0.0094835,           0.0094835
                  79,            0.034061,            0.038587,            0.011357,             0.82094,             0.83157,             0.88428,             0.66705,             0.02311,            0.020629,           0.0045738,           0.0094703,           0.0094703,           0.0094703
                  80,            0.033927,            0.038745,            0.011167,             0.81951,             0.83672,             0.88535,             0.66711,            0.023094,            0.020612,            0.004561,           0.0094569,           0.0094569,           0.0094569
                  81,            0.034001,            0.038776,            0.011028,             0.82186,             0.83742,             0.88572,             0.66788,            0.023074,            0.020587,           0.0045452,           0.0094434,           0.0094434,           0.0094434
                  82,            0.034171,            0.038785,             0.01124,             0.82318,             0.83781,              0.8862,             0.66889,            0.023059,            0.020566,           0.0045311,           0.0094297,           0.0094297,           0.0094297
                  83,             0.03402,            0.038667,            0.011139,              0.8256,             0.83594,              0.8867,              0.6683,            0.023044,            0.020544,           0.0045194,           0.0094158,           0.0094158,           0.0094158
                  84,            0.034001,            0.038617,            0.011154,             0.82436,             0.84041,             0.88735,             0.66985,            0.023025,            0.020521,           0.0045055,           0.0094018,           0.0094018,           0.0094018
                  85,            0.033938,            0.038481,            0.011163,             0.82894,             0.83787,             0.88795,             0.67101,            0.023008,              0.0205,           0.0044937,           0.0093877,           0.0093877,           0.0093877
                  86,            0.033985,            0.038618,            0.011185,             0.82865,              0.8392,             0.88856,             0.67159,            0.022993,            0.020474,           0.0044799,           0.0093733,           0.0093733,           0.0093733
                  87,            0.033863,             0.03841,            0.011187,             0.82825,              0.8375,              0.8892,             0.67241,            0.022978,            0.020451,           0.0044651,           0.0093589,           0.0093589,           0.0093589
                  88,            0.033793,            0.038434,            0.011037,             0.84116,             0.82984,             0.88948,             0.67265,            0.022961,            0.020427,           0.0044508,           0.0093442,           0.0093442,           0.0093442
                  89,             0.03394,            0.038457,            0.011194,             0.84325,             0.83013,             0.89022,             0.67327,            0.022942,            0.020403,           0.0044335,           0.0093295,           0.0093295,           0.0093295
                  90,            0.033823,            0.038202,            0.011081,             0.83922,             0.83166,             0.89078,             0.67388,            0.022928,            0.020382,           0.0044192,           0.0093146,           0.0093146,           0.0093146
                  91,            0.033865,            0.038145,            0.011186,             0.84234,             0.83504,             0.89183,               0.674,            0.022913,            0.020361,           0.0044036,           0.0092995,           0.0092995,           0.0092995
                  92,            0.033819,            0.038482,            0.011066,             0.84182,             0.83495,             0.89226,             0.67455,            0.022901,            0.020339,           0.0043862,           0.0092843,           0.0092843,           0.0092843
                  93,            0.033973,            0.038556,            0.011095,             0.84282,             0.83783,             0.89265,             0.67521,             0.02289,            0.020323,           0.0043721,           0.0092689,           0.0092689,           0.0092689
                  94,            0.033837,            0.038296,            0.010966,             0.84287,             0.83738,             0.89315,             0.67561,            0.022879,            0.020302,           0.0043567,           0.0092534,           0.0092534,           0.0092534
                  95,            0.033889,            0.038297,            0.011036,             0.85588,             0.82798,             0.89349,             0.67666,            0.022868,             0.02028,           0.0043429,           0.0092377,           0.0092377,           0.0092377
                  96,             0.03375,            0.038197,            0.010946,             0.85869,             0.82615,             0.89393,             0.67742,            0.022856,            0.020263,           0.0043305,           0.0092219,           0.0092219,           0.0092219
                  97,            0.033777,            0.038218,            0.010898,             0.85899,             0.82599,             0.89453,             0.67828,            0.022846,            0.020239,           0.0043173,           0.0092059,           0.0092059,           0.0092059
                  98,            0.033704,            0.038334,            0.010804,             0.84037,             0.83843,             0.89525,             0.67921,            0.022837,            0.020219,           0.0043069,           0.0091898,           0.0091898,           0.0091898
                  99,            0.033635,            0.038089,             0.01087,             0.84216,             0.83854,             0.89607,             0.67986,            0.022826,            0.020197,           0.0042951,           0.0091735,           0.0091735,           0.0091735
                 100,            0.033589,            0.038073,            0.010922,             0.84449,             0.84022,             0.89664,             0.68082,            0.022818,            0.020183,           0.0042814,           0.0091571,           0.0091571,           0.0091571
                 101,            0.033653,            0.038254,             0.01072,             0.84439,             0.84135,             0.89727,             0.68128,            0.022804,            0.020162,           0.0042671,           0.0091406,           0.0091406,           0.0091406
                 102,            0.033731,            0.038584,            0.011043,             0.84951,              0.8396,             0.89797,             0.68186,            0.022787,            0.020144,           0.0042529,           0.0091239,           0.0091239,           0.0091239
                 103,             0.03371,            0.038258,            0.010938,             0.83868,             0.84831,             0.89944,             0.68283,            0.022771,            0.020124,           0.0042416,           0.0091071,           0.0091071,           0.0091071
                 104,            0.033714,            0.038308,            0.010954,             0.84439,             0.84544,             0.89979,             0.68316,            0.022755,            0.020108,           0.0042276,           0.0090901,           0.0090901,           0.0090901
                 105,            0.033595,            0.038052,            0.010924,             0.84472,             0.84577,             0.90009,             0.68381,             0.02274,            0.020087,           0.0042131,            0.009073,            0.009073,            0.009073
                 106,            0.033554,             0.03812,            0.010743,             0.83126,             0.85488,             0.90062,             0.68396,            0.022723,            0.020066,           0.0042006,           0.0090557,           0.0090557,           0.0090557
                 107,            0.033414,            0.037836,            0.010868,             0.84805,             0.84213,             0.90098,             0.68468,            0.022705,            0.020046,           0.0041883,           0.0090383,           0.0090383,           0.0090383
                 108,            0.033703,            0.038254,            0.010976,             0.85054,             0.84294,             0.90103,              0.6856,             0.02269,            0.020031,           0.0041778,           0.0090208,           0.0090208,           0.0090208
                 109,            0.033605,            0.038178,            0.010746,             0.85365,             0.84108,             0.90106,              0.6855,            0.022676,            0.020008,           0.0041665,           0.0090031,           0.0090031,           0.0090031
                 110,            0.033482,            0.038051,            0.010816,             0.85522,             0.84033,              0.9017,              0.6865,            0.022662,            0.019985,           0.0041561,           0.0089853,           0.0089853,           0.0089853
                 111,            0.033556,            0.038374,            0.010598,             0.83996,             0.85288,             0.90203,              0.6866,            0.022645,            0.019968,           0.0041453,           0.0089673,           0.0089673,           0.0089673
                 112,            0.033512,            0.038086,             0.01091,             0.83796,             0.85469,             0.90215,             0.68714,             0.02263,            0.019955,            0.004134,           0.0089492,           0.0089492,           0.0089492
                 113,            0.033406,            0.038151,            0.010709,             0.84649,             0.84815,             0.90272,             0.68716,            0.022611,            0.019936,           0.0041248,            0.008931,            0.008931,            0.008931
                 114,            0.033331,            0.037866,            0.010692,             0.84277,             0.85164,             0.90318,             0.68799,            0.022594,            0.019919,            0.004113,           0.0089126,           0.0089126,           0.0089126
                 115,            0.033466,            0.038143,            0.010653,             0.84184,             0.85144,             0.90312,             0.68811,            0.022577,            0.019899,           0.0040999,           0.0088941,           0.0088941,           0.0088941
                 116,            0.033479,            0.038047,            0.010688,             0.84462,             0.85141,             0.90318,             0.68887,            0.022561,             0.01988,           0.0040856,           0.0088755,           0.0088755,           0.0088755
                 117,            0.033397,            0.037933,            0.010658,             0.84377,             0.85411,             0.90295,             0.68859,            0.022541,            0.019857,           0.0040726,           0.0088567,           0.0088567,           0.0088567
                 118,            0.033432,            0.037945,            0.010582,             0.84534,             0.85662,             0.90407,             0.68934,            0.022525,            0.019839,           0.0040628,           0.0088378,           0.0088378,           0.0088378
                 119,            0.033462,            0.037782,            0.010562,             0.84636,             0.85714,             0.90394,             0.68917,            0.022508,            0.019817,           0.0040547,           0.0088188,           0.0088188,           0.0088188
                 120,            0.033508,            0.038058,            0.010597,             0.84682,             0.85605,             0.90427,             0.68925,            0.022495,            0.019801,           0.0040504,           0.0087996,           0.0087996,           0.0087996
                 121,            0.033233,            0.037784,            0.010612,             0.85365,             0.84912,             0.90468,             0.68998,             0.02248,            0.019786,           0.0040443,           0.0087804,           0.0087804,           0.0087804
                 122,            0.033374,             0.03762,            0.010709,             0.85811,             0.84668,             0.90495,             0.69015,            0.022468,             0.01977,           0.0040353,           0.0087609,           0.0087609,           0.0087609
                 123,            0.033382,            0.038108,            0.010646,             0.86153,             0.84549,             0.90476,             0.69156,            0.022456,            0.019756,           0.0040311,           0.0087414,           0.0087414,           0.0087414
                 124,            0.033178,            0.037947,            0.010572,             0.86113,             0.84614,             0.90518,             0.69203,            0.022441,            0.019737,           0.0040238,           0.0087217,           0.0087217,           0.0087217
                 125,            0.033173,            0.037638,              0.0105,             0.84612,             0.85931,             0.90564,               0.692,            0.022425,            0.019719,           0.0040147,           0.0087019,           0.0087019,           0.0087019
                 126,            0.033386,            0.038157,            0.010645,             0.84947,             0.85679,             0.90589,             0.69242,            0.022408,            0.019704,           0.0040031,            0.008682,            0.008682,            0.008682
                 127,            0.033351,            0.038084,            0.010626,             0.84826,              0.8592,             0.90599,              0.6923,            0.022394,            0.019691,            0.003992,           0.0086619,           0.0086619,           0.0086619
                 128,            0.033257,             0.03773,            0.010446,             0.84859,             0.85998,             0.90643,             0.69372,            0.022385,            0.019674,           0.0039825,           0.0086417,           0.0086417,           0.0086417
                 129,            0.033181,            0.037763,            0.010367,             0.84761,             0.86164,             0.90703,             0.69429,            0.022372,            0.019659,           0.0039777,           0.0086214,           0.0086214,           0.0086214
                 130,            0.033062,            0.037924,            0.010523,             0.85168,             0.85811,             0.90764,              0.6938,            0.022355,            0.019642,           0.0039692,            0.008601,            0.008601,            0.008601
                 131,            0.033236,            0.037706,             0.01048,             0.85532,             0.85994,             0.90852,             0.69545,            0.022337,            0.019622,           0.0039611,           0.0085805,           0.0085805,           0.0085805
                 132,             0.03329,            0.037673,            0.010574,             0.85066,             0.86258,             0.90852,             0.69598,            0.022325,            0.019608,           0.0039534,           0.0085598,           0.0085598,           0.0085598
                 133,             0.03314,            0.037727,            0.010435,             0.85102,             0.86216,             0.90832,             0.69525,            0.022312,            0.019596,           0.0039428,            0.008539,            0.008539,            0.008539
                 134,            0.033098,            0.037733,            0.010455,             0.85132,             0.86327,             0.90847,              0.6955,            0.022301,            0.019585,           0.0039297,           0.0085181,           0.0085181,           0.0085181
                 135,            0.033283,             0.03778,             0.01051,             0.85124,             0.86429,             0.90868,             0.69562,            0.022288,            0.019576,           0.0039209,           0.0084971,           0.0084971,           0.0084971
                 136,            0.033107,            0.037791,            0.010317,             0.84968,             0.86536,             0.90812,             0.69507,            0.022277,            0.019563,           0.0039153,           0.0084759,           0.0084759,           0.0084759
                 137,             0.03292,            0.037512,            0.010379,              0.8577,             0.85935,             0.90818,              0.6953,            0.022262,            0.019544,           0.0039068,           0.0084546,           0.0084546,           0.0084546
                 138,            0.032965,            0.037618,             0.01041,             0.87531,             0.84903,             0.90959,             0.69603,            0.022247,             0.01953,           0.0038969,           0.0084333,           0.0084333,           0.0084333
                 139,            0.033174,            0.037602,            0.010443,             0.87281,             0.85053,             0.90878,             0.69544,            0.022237,            0.019517,           0.0038871,           0.0084118,           0.0084118,           0.0084118
                 140,             0.03303,            0.037675,            0.010441,             0.87366,             0.84771,             0.90827,             0.69558,            0.022226,              0.0195,           0.0038792,           0.0083901,           0.0083901,           0.0083901
                 141,            0.033016,            0.037309,            0.010377,              0.8744,              0.8494,             0.90907,             0.69624,             0.02222,            0.019483,           0.0038733,           0.0083684,           0.0083684,           0.0083684
                 142,            0.033052,            0.037557,            0.010332,             0.87591,             0.84822,             0.91026,             0.69638,            0.022213,            0.019471,           0.0038687,           0.0083466,           0.0083466,           0.0083466
                 143,             0.03285,            0.037615,            0.010252,             0.86414,             0.85772,             0.91093,             0.69856,            0.022203,            0.019454,           0.0038618,           0.0083246,           0.0083246,           0.0083246
                 144,            0.033033,            0.037454,            0.010236,              0.8752,             0.84953,             0.91096,             0.69834,            0.022193,            0.019434,           0.0038571,           0.0083025,           0.0083025,           0.0083025
                 145,             0.03294,            0.037767,            0.010272,             0.86977,             0.85609,             0.91142,             0.69865,            0.022186,            0.019414,           0.0038518,           0.0082804,           0.0082804,           0.0082804
                 146,            0.032883,            0.037126,            0.010227,              0.8702,             0.85619,             0.91212,             0.69911,            0.022179,            0.019395,           0.0038421,           0.0082581,           0.0082581,           0.0082581
                 147,            0.032907,            0.037208,            0.010136,             0.86941,             0.85674,             0.91232,             0.70019,            0.022171,            0.019379,           0.0038349,           0.0082357,           0.0082357,           0.0082357
                 148,            0.032788,            0.037138,            0.010218,             0.87237,             0.85366,             0.91317,             0.70038,            0.022162,            0.019361,           0.0038258,           0.0082132,           0.0082132,           0.0082132
                 149,            0.032842,            0.037417,            0.010232,              0.8736,             0.85443,              0.9135,             0.70146,            0.022149,            0.019341,           0.0038166,           0.0081906,           0.0081906,           0.0081906
                 150,            0.032717,            0.036998,            0.010145,             0.87505,               0.853,             0.91379,             0.70261,            0.022134,            0.019321,           0.0038092,           0.0081679,           0.0081679,           0.0081679
                 151,            0.032744,            0.037308,             0.01015,             0.87553,             0.85324,              0.9141,             0.70209,            0.022121,            0.019305,           0.0038038,            0.008145,            0.008145,            0.008145
                 152,            0.032694,            0.037303,            0.010348,             0.87489,             0.85415,              0.9143,             0.70142,            0.022107,            0.019288,           0.0037985,           0.0081221,           0.0081221,           0.0081221
                 153,             0.03263,            0.037166,            0.010065,             0.87426,             0.85423,             0.91454,              0.7022,            0.022091,            0.019276,           0.0037938,           0.0080991,           0.0080991,           0.0080991
                 154,            0.032764,            0.037169,            0.010124,             0.87306,             0.85567,             0.91479,             0.70201,            0.022079,             0.01926,           0.0037874,           0.0080759,           0.0080759,           0.0080759
                 155,            0.032577,            0.037031,            0.010232,             0.87411,             0.85564,             0.91478,             0.70339,            0.022069,            0.019246,           0.0037761,           0.0080527,           0.0080527,           0.0080527
                 156,             0.03272,            0.037434,            0.010309,             0.87171,             0.85673,             0.91485,             0.70361,            0.022056,            0.019237,           0.0037647,           0.0080294,           0.0080294,           0.0080294
                 157,             0.03269,            0.037039,            0.010117,             0.85422,             0.86968,             0.91564,             0.70398,            0.022045,            0.019223,           0.0037582,           0.0080059,           0.0080059,           0.0080059
                 158,             0.03267,            0.037264,             0.01006,             0.85258,             0.87021,             0.91577,              0.7037,            0.022039,             0.01921,           0.0037506,           0.0079824,           0.0079824,           0.0079824
                 159,            0.032677,            0.037173,            0.010099,              0.8433,             0.87687,             0.91632,             0.70395,            0.022032,            0.019199,           0.0037429,           0.0079588,           0.0079588,           0.0079588
                 160,            0.032538,            0.037008,             0.01003,             0.84634,             0.87636,             0.91658,             0.70467,            0.022026,            0.019186,            0.003735,            0.007935,            0.007935,            0.007935
                 161,            0.032697,            0.037011,            0.010034,             0.84606,             0.87772,              0.9164,              0.7044,            0.022021,            0.019178,           0.0037253,           0.0079112,           0.0079112,           0.0079112
                 162,            0.032541,            0.036898,            0.010033,             0.84529,             0.87863,             0.91664,             0.70462,            0.022014,            0.019163,           0.0037177,           0.0078873,           0.0078873,           0.0078873
                 163,            0.032593,            0.037019,           0.0099928,             0.85851,               0.869,             0.91698,             0.70532,            0.022008,            0.019148,           0.0037115,           0.0078633,           0.0078633,           0.0078633
                 164,            0.032497,             0.03695,            0.010033,             0.84728,             0.87919,             0.91699,              0.7058,            0.021995,            0.019131,           0.0037052,           0.0078392,           0.0078392,           0.0078392
                 165,            0.032567,            0.036835,           0.0099761,               0.852,             0.87537,             0.91699,             0.70505,            0.021984,             0.01912,           0.0036956,            0.007815,            0.007815,            0.007815
                 166,            0.032637,            0.036911,            0.010095,              0.8522,             0.87584,             0.91752,             0.70521,            0.021976,             0.01911,            0.003685,           0.0077907,           0.0077907,           0.0077907
                 167,             0.03267,            0.036931,            0.010139,              0.8576,              0.8749,              0.9173,               0.706,            0.021972,            0.019103,           0.0036744,           0.0077663,           0.0077663,           0.0077663
                 168,            0.032648,            0.037365,            0.010042,             0.85312,             0.87793,             0.91751,             0.70576,            0.021965,            0.019097,           0.0036636,           0.0077418,           0.0077418,           0.0077418
                 169,            0.032377,            0.036831,            0.009901,             0.85269,             0.87818,             0.91722,             0.70608,            0.021959,            0.019086,           0.0036548,           0.0077173,           0.0077173,           0.0077173
                 170,            0.032512,            0.036941,           0.0099775,             0.85249,             0.87987,             0.91749,             0.70696,            0.021949,            0.019073,           0.0036491,           0.0076926,           0.0076926,           0.0076926
                 171,            0.032449,            0.036881,            0.010038,             0.84987,             0.88264,              0.9179,             0.70749,            0.021938,            0.019054,           0.0036428,           0.0076679,           0.0076679,           0.0076679
                 172,            0.032527,            0.036756,            0.009978,             0.85103,             0.88267,             0.91814,             0.70804,            0.021931,            0.019043,           0.0036367,           0.0076431,           0.0076431,           0.0076431
                 173,            0.032457,            0.037006,            0.010019,             0.85321,             0.88158,             0.91822,             0.70794,            0.021928,            0.019029,           0.0036256,           0.0076182,           0.0076182,           0.0076182
                 174,            0.032469,            0.036856,           0.0098518,              0.8532,             0.88314,              0.9184,             0.70879,            0.021922,            0.019014,           0.0036141,           0.0075932,           0.0075932,           0.0075932
                 175,            0.032351,            0.036856,           0.0099384,             0.88595,             0.85746,             0.91841,             0.70827,            0.021916,            0.019001,           0.0036056,           0.0075681,           0.0075681,           0.0075681
                 176,            0.032373,            0.036948,           0.0098251,             0.85584,              0.8809,             0.91896,              0.7089,            0.021912,            0.018986,            0.003599,            0.007543,            0.007543,            0.007543
                 177,            0.032363,            0.036346,           0.0098966,             0.85579,             0.88263,             0.91952,             0.70961,            0.021904,            0.018971,           0.0035952,           0.0075177,           0.0075177,           0.0075177
                 178,            0.032331,            0.036692,           0.0099468,             0.86151,             0.87752,             0.91949,             0.70959,            0.021896,            0.018955,           0.0035915,           0.0074924,           0.0074924,           0.0074924
                 179,            0.032291,             0.03676,           0.0098111,             0.86057,             0.87927,              0.9201,             0.71002,            0.021888,            0.018939,           0.0035844,            0.007467,            0.007467,            0.007467
                 180,            0.032372,            0.036566,            0.010012,             0.88791,             0.85767,             0.92021,             0.71077,            0.021876,            0.018922,           0.0035787,           0.0074416,           0.0074416,           0.0074416
                 181,            0.032192,            0.036771,           0.0098159,             0.87995,              0.8645,             0.92021,             0.71066,            0.021863,            0.018905,           0.0035726,            0.007416,            0.007416,            0.007416
                 182,            0.032212,            0.036697,           0.0098559,             0.87638,             0.86888,             0.92014,             0.71094,            0.021852,            0.018892,           0.0035643,           0.0073904,           0.0073904,           0.0073904
                 183,            0.032202,            0.036781,           0.0097311,             0.87783,             0.86835,             0.92044,             0.71023,            0.021839,            0.018875,           0.0035567,           0.0073647,           0.0073647,           0.0073647
                 184,            0.032269,             0.03661,           0.0097576,             0.88195,               0.865,             0.92051,             0.71064,            0.021824,             0.01886,           0.0035491,           0.0073389,           0.0073389,           0.0073389
                 185,             0.03219,            0.036926,           0.0097545,             0.89101,              0.8599,             0.92079,             0.71167,            0.021809,            0.018843,           0.0035434,           0.0073131,           0.0073131,           0.0073131
                 186,            0.032178,            0.036523,           0.0097763,             0.88913,             0.86045,             0.92122,             0.71231,            0.021796,            0.018831,           0.0035375,           0.0072872,           0.0072872,           0.0072872
                 187,            0.032152,            0.036563,            0.009859,              0.8677,             0.87785,              0.9215,             0.71385,            0.021783,            0.018819,           0.0035325,           0.0072612,           0.0072612,           0.0072612
                 188,            0.032107,            0.036487,           0.0098001,             0.86872,              0.8783,             0.92189,              0.7141,            0.021772,            0.018807,            0.003525,           0.0072351,           0.0072351,           0.0072351
                 189,            0.032195,            0.036783,            0.009745,             0.88483,             0.86476,             0.92171,              0.7137,            0.021761,            0.018791,           0.0035145,            0.007209,            0.007209,            0.007209
                 190,            0.031983,            0.036419,           0.0097226,             0.88648,             0.86409,             0.92187,             0.71393,            0.021752,             0.01878,           0.0035062,           0.0071828,           0.0071828,           0.0071828
                 191,            0.032118,            0.036471,           0.0097207,             0.86768,             0.87946,             0.92238,             0.71421,            0.021739,            0.018766,           0.0034974,           0.0071566,           0.0071566,           0.0071566
                 192,            0.032049,            0.036583,           0.0094542,             0.86778,             0.87989,             0.92259,             0.71503,            0.021729,            0.018748,           0.0034901,           0.0071302,           0.0071302,           0.0071302
                 193,            0.032072,            0.036465,           0.0096904,             0.86734,             0.87937,             0.92324,              0.7167,            0.021718,            0.018733,           0.0034861,           0.0071039,           0.0071039,           0.0071039
                 194,            0.032014,            0.036702,           0.0095461,              0.8695,             0.87943,             0.92352,             0.71721,            0.021707,             0.01872,           0.0034808,           0.0070774,           0.0070774,           0.0070774
                 195,             0.03207,            0.036303,           0.0095543,             0.88866,             0.86438,             0.92397,             0.71772,            0.021699,            0.018706,           0.0034721,           0.0070509,           0.0070509,           0.0070509
                 196,            0.032023,            0.036382,           0.0096655,             0.89055,             0.86347,             0.92398,             0.71732,            0.021685,            0.018694,           0.0034634,           0.0070243,           0.0070243,           0.0070243
                 197,            0.031978,            0.036297,           0.0096955,             0.89416,              0.8613,             0.92451,             0.71731,            0.021673,            0.018682,           0.0034553,           0.0069977,           0.0069977,           0.0069977
                 198,            0.031945,            0.036529,            0.009586,             0.89557,             0.86091,             0.92492,              0.7181,            0.021664,            0.018665,           0.0034507,            0.006971,            0.006971,            0.006971
                 199,             0.03192,            0.036305,           0.0094768,             0.89596,             0.86108,             0.92505,             0.71816,            0.021653,             0.01865,           0.0034467,           0.0069442,           0.0069442,           0.0069442
                 200,            0.031883,            0.036348,            0.009472,             0.89313,             0.86296,             0.92549,               0.719,            0.021641,            0.018637,           0.0034442,           0.0069174,           0.0069174,           0.0069174
                 201,            0.031897,            0.036048,            0.009543,             0.89467,             0.86228,             0.92553,             0.71916,            0.021631,            0.018624,            0.003439,           0.0068906,           0.0068906,           0.0068906
                 202,             0.03178,            0.036329,           0.0093653,             0.88751,             0.86802,              0.9256,             0.71962,            0.021623,            0.018613,           0.0034402,           0.0068637,           0.0068637,           0.0068637
                 203,            0.031955,            0.036118,           0.0096073,             0.88821,             0.86838,             0.92603,             0.71995,            0.021613,            0.018603,           0.0034376,           0.0068367,           0.0068367,           0.0068367
                 204,            0.031758,               0.036,           0.0095612,             0.89028,             0.86712,             0.92636,             0.71991,            0.021605,            0.018588,           0.0034333,           0.0068097,           0.0068097,           0.0068097
                 205,            0.031811,            0.036275,           0.0094487,             0.88844,              0.8678,             0.92624,              0.7199,            0.021596,            0.018574,           0.0034293,           0.0067826,           0.0067826,           0.0067826
                 206,            0.031802,            0.036185,           0.0094812,             0.88763,             0.86787,             0.92686,             0.72083,            0.021584,            0.018558,            0.003425,           0.0067555,           0.0067555,           0.0067555
                 207,            0.031592,             0.03587,             0.00963,             0.88421,             0.86991,             0.92719,             0.72091,            0.021573,             0.01854,            0.003419,           0.0067283,           0.0067283,           0.0067283
                 208,            0.031766,            0.036231,           0.0095394,             0.89109,              0.8649,             0.92721,             0.72165,            0.021562,            0.018526,           0.0034154,           0.0067011,           0.0067011,           0.0067011
                 209,             0.03171,            0.036228,           0.0093039,             0.88377,             0.87069,             0.92756,             0.72227,            0.021548,            0.018509,           0.0034098,           0.0066738,           0.0066738,           0.0066738
                 210,            0.031672,             0.03621,           0.0095581,             0.88109,             0.87241,             0.92781,             0.72319,            0.021535,            0.018495,           0.0034053,           0.0066465,           0.0066465,           0.0066465
                 211,            0.031651,            0.036091,           0.0094947,              0.8807,             0.87217,             0.92775,             0.72307,             0.02152,            0.018476,           0.0034016,           0.0066191,           0.0066191,           0.0066191
                 212,            0.031642,            0.035969,           0.0094825,             0.88003,             0.87308,             0.92801,              0.7232,            0.021506,            0.018457,           0.0033977,           0.0065917,           0.0065917,           0.0065917
                 213,            0.031574,            0.035981,           0.0092655,             0.88042,             0.87224,             0.92841,             0.72298,            0.021492,            0.018438,           0.0033926,           0.0065642,           0.0065642,           0.0065642
                 214,             0.03157,            0.035843,           0.0093818,             0.88443,             0.86973,             0.92849,             0.72408,            0.021479,            0.018422,           0.0033861,           0.0065368,           0.0065368,           0.0065368
                 215,            0.031664,            0.036098,           0.0094259,             0.88508,             0.87043,             0.92865,              0.7239,            0.021462,            0.018405,           0.0033775,           0.0065092,           0.0065092,           0.0065092
                 216,            0.031652,            0.036134,           0.0094344,             0.88674,             0.87024,             0.92885,             0.72372,             0.02145,            0.018395,           0.0033692,           0.0064816,           0.0064816,           0.0064816
                 217,            0.031569,            0.036344,           0.0092846,              0.8874,             0.87077,             0.92891,             0.72408,             0.02144,            0.018381,            0.003361,            0.006454,            0.006454,            0.006454
                 218,            0.031474,              0.0356,           0.0093297,             0.88768,             0.87061,             0.92816,             0.72414,            0.021427,            0.018363,           0.0033568,           0.0064264,           0.0064264,           0.0064264
                 219,            0.031672,            0.035773,           0.0094019,             0.88735,             0.87131,             0.92929,             0.72444,            0.021416,            0.018347,           0.0033495,           0.0063987,           0.0063987,           0.0063987
                 220,            0.031553,            0.035981,           0.0092149,             0.89203,             0.87174,             0.92959,             0.72553,            0.021407,             0.01833,           0.0033413,            0.006371,            0.006371,            0.006371
                 221,            0.031516,            0.036037,           0.0094585,             0.89168,             0.87223,             0.92978,             0.72573,            0.021401,             0.01832,           0.0033341,           0.0063432,           0.0063432,           0.0063432
                 222,            0.031503,             0.03581,           0.0092362,              0.8907,             0.87239,             0.92956,             0.72581,            0.021394,            0.018306,           0.0033228,           0.0063154,           0.0063154,           0.0063154
                 223,            0.031471,             0.03559,           0.0091901,             0.88968,             0.87423,             0.93005,             0.72605,            0.021387,            0.018296,           0.0033153,           0.0062876,           0.0062876,           0.0062876
                 224,            0.031504,            0.035808,           0.0092579,             0.89087,             0.87471,             0.93042,             0.72641,            0.021377,             0.01828,            0.003306,           0.0062598,           0.0062598,           0.0062598
                 225,            0.031327,             0.03576,            0.009204,             0.88936,               0.876,             0.93115,             0.72698,            0.021368,            0.018262,            0.003299,           0.0062319,           0.0062319,           0.0062319
                 226,            0.031285,            0.035866,           0.0092121,             0.88719,             0.87758,             0.93149,             0.72866,            0.021357,            0.018247,           0.0032904,            0.006204,            0.006204,            0.006204
                 227,            0.031351,            0.035596,           0.0091583,              0.8854,             0.87636,             0.93119,             0.72823,            0.021345,            0.018232,           0.0032836,            0.006176,            0.006176,            0.006176
                 228,            0.031328,            0.035704,           0.0091165,             0.88588,             0.87638,             0.93156,             0.72872,            0.021332,            0.018215,           0.0032752,            0.006148,            0.006148,            0.006148
                 229,            0.031323,            0.036021,           0.0091255,             0.88523,             0.87726,             0.93155,             0.72954,             0.02132,            0.018199,           0.0032686,           0.0061201,           0.0061201,           0.0061201
                 230,            0.031253,            0.035826,           0.0090945,             0.89246,             0.87306,              0.9316,             0.72997,            0.021311,            0.018185,           0.0032582,            0.006092,            0.006092,            0.006092
                 231,            0.031222,            0.035484,           0.0091255,             0.89221,             0.87411,             0.93194,             0.73035,            0.021298,            0.018169,           0.0032521,            0.006064,            0.006064,            0.006064
                 232,            0.031129,            0.035503,           0.0090411,             0.89026,             0.87619,             0.93166,             0.73045,            0.021283,             0.01815,           0.0032465,           0.0060359,           0.0060359,           0.0060359
                 233,            0.031248,            0.035784,           0.0091656,             0.89074,             0.87615,             0.93177,             0.73107,             0.02127,            0.018132,           0.0032372,           0.0060079,           0.0060079,           0.0060079
                 234,            0.031223,            0.035612,           0.0090111,             0.88921,             0.87802,             0.93187,             0.73033,            0.021256,            0.018116,           0.0032283,           0.0059798,           0.0059798,           0.0059798
                 235,            0.031124,            0.035572,           0.0091238,             0.89093,             0.87701,             0.93284,             0.72998,            0.021241,            0.018102,           0.0032205,           0.0059516,           0.0059516,           0.0059516
                 236,            0.031331,            0.035605,           0.0090515,             0.88702,             0.87971,             0.93287,             0.73038,            0.021224,            0.018085,           0.0032103,           0.0059235,           0.0059235,           0.0059235
                 237,            0.031146,            0.035351,           0.0089809,             0.88644,             0.88045,             0.93275,             0.73086,            0.021207,            0.018068,           0.0032019,           0.0058953,           0.0058953,           0.0058953
                 238,            0.030984,            0.035533,           0.0089107,             0.88807,             0.87987,             0.93271,             0.73126,            0.021193,            0.018046,           0.0031942,           0.0058672,           0.0058672,           0.0058672
                 239,            0.030975,            0.035465,           0.0089488,              0.8922,             0.87755,             0.93287,             0.73102,             0.02118,            0.018025,           0.0031869,            0.005839,            0.005839,            0.005839
                 240,            0.031127,            0.035243,           0.0090101,             0.89321,             0.87778,             0.93338,             0.73123,            0.021168,             0.01801,           0.0031796,           0.0058108,           0.0058108,           0.0058108
                 241,            0.031034,            0.035408,           0.0089461,             0.89296,             0.87818,             0.93306,             0.73101,            0.021159,            0.017993,           0.0031731,           0.0057826,           0.0057826,           0.0057826
                 242,            0.031026,            0.035445,           0.0090282,             0.89338,             0.87836,             0.93348,             0.73099,            0.021148,            0.017979,           0.0031658,           0.0057543,           0.0057543,           0.0057543
                 243,            0.031014,            0.035403,           0.0088856,             0.89199,             0.87941,             0.93336,             0.73192,            0.021138,            0.017965,           0.0031609,           0.0057261,           0.0057261,           0.0057261
                 244,            0.030841,            0.035215,           0.0089415,             0.89097,              0.8795,             0.93371,             0.73141,            0.021125,            0.017952,           0.0031556,           0.0056979,           0.0056979,           0.0056979
                 245,            0.031057,            0.035453,           0.0089056,             0.89157,              0.8799,              0.9339,             0.73194,            0.021115,            0.017935,           0.0031469,           0.0056696,           0.0056696,           0.0056696
                 246,            0.030941,             0.03539,            0.009029,             0.89024,             0.88094,               0.934,             0.73183,            0.021102,            0.017921,           0.0031417,           0.0056413,           0.0056413,           0.0056413
                 247,            0.030992,            0.035041,           0.0090057,             0.88965,             0.88148,             0.93433,             0.73359,            0.021091,            0.017906,           0.0031365,           0.0056131,           0.0056131,           0.0056131
                 248,            0.030813,            0.035071,           0.0088573,             0.88133,             0.88716,              0.9336,              0.7333,            0.021079,            0.017888,           0.0031312,           0.0055848,           0.0055848,           0.0055848
                 249,            0.030904,            0.035161,           0.0088773,              0.8837,             0.88604,             0.93437,             0.73274,            0.021068,            0.017873,           0.0031235,           0.0055565,           0.0055565,           0.0055565
                 250,            0.030851,            0.034996,           0.0089111,             0.88827,             0.88619,             0.93537,             0.73362,            0.021057,            0.017858,           0.0031192,           0.0055283,           0.0055283,           0.0055283
                 251,            0.030803,            0.035003,           0.0088121,             0.88557,              0.8864,             0.93517,             0.73469,            0.021045,            0.017841,           0.0031136,              0.0055,              0.0055,              0.0055
                 252,            0.030843,            0.035126,            0.008908,             0.88678,             0.88686,             0.93471,             0.73447,            0.021032,            0.017826,           0.0031099,           0.0054717,           0.0054717,           0.0054717
                 253,            0.030749,            0.035107,           0.0088663,             0.88443,             0.89209,              0.9352,             0.73507,            0.021024,            0.017809,           0.0031051,           0.0054435,           0.0054435,           0.0054435
                 254,            0.030748,            0.034795,           0.0087207,             0.88527,             0.89134,             0.93565,             0.73508,            0.021015,            0.017789,           0.0031023,           0.0054152,           0.0054152,           0.0054152
                 255,            0.030769,             0.03527,           0.0086952,             0.88772,             0.88855,             0.93612,             0.73464,            0.021004,            0.017776,           0.0030989,           0.0053869,           0.0053869,           0.0053869
                 256,            0.030654,            0.034897,           0.0086566,             0.88784,             0.89057,             0.93637,             0.73533,            0.020994,             0.01776,           0.0030923,           0.0053587,           0.0053587,           0.0053587
                 257,            0.030726,             0.03521,           0.0086252,             0.88939,              0.8889,             0.93669,             0.73475,            0.020978,            0.017743,           0.0030871,           0.0053304,           0.0053304,           0.0053304
                 258,            0.030748,             0.03486,           0.0086189,             0.89398,             0.88597,             0.93741,             0.73502,            0.020964,            0.017728,           0.0030846,           0.0053021,           0.0053021,           0.0053021
                 259,            0.030621,             0.03496,           0.0087273,             0.89041,             0.88991,              0.9375,              0.7362,            0.020952,            0.017712,           0.0030801,           0.0052739,           0.0052739,           0.0052739
                 260,            0.030534,            0.034916,           0.0086514,             0.88772,             0.89167,             0.93775,             0.73673,            0.020942,            0.017698,           0.0030777,           0.0052457,           0.0052457,           0.0052457
                 261,            0.030606,            0.035028,            0.008661,             0.88613,             0.89191,             0.93759,             0.73711,            0.020932,            0.017688,           0.0030752,           0.0052174,           0.0052174,           0.0052174
                 262,            0.030598,            0.034604,           0.0086823,              0.8858,             0.89177,             0.93803,             0.73824,            0.020923,            0.017679,           0.0030724,           0.0051892,           0.0051892,           0.0051892
                 263,            0.030589,            0.034779,           0.0087277,             0.88827,             0.89021,             0.93836,             0.73816,            0.020912,            0.017665,           0.0030713,            0.005161,            0.005161,            0.005161
                 264,            0.030062,            0.033905,           0.0081132,             0.87896,             0.89738,             0.93823,             0.73851,            0.020898,            0.017648,           0.0030692,           0.0051328,           0.0051328,           0.0051328
                 265,            0.029922,            0.033765,           0.0079351,             0.87929,             0.89756,             0.93843,             0.73891,            0.020885,             0.01763,            0.003066,           0.0051047,           0.0051047,           0.0051047
                 266,            0.030033,            0.033964,           0.0080915,             0.88084,             0.89819,             0.93873,              0.7392,            0.020873,            0.017612,           0.0030645,           0.0050765,           0.0050765,           0.0050765
                 267,             0.02878,            0.031734,           0.0068337,              0.8801,             0.89866,             0.93916,              0.7395,            0.020858,            0.017584,           0.0030616,           0.0050484,           0.0050484,           0.0050484
                 268,            0.028676,            0.031576,           0.0066972,             0.88169,             0.89769,             0.93947,             0.74026,             0.02084,            0.017557,           0.0030546,           0.0050202,           0.0050202,           0.0050202
                 269,            0.028909,            0.031928,           0.0068093,             0.88167,             0.89805,              0.9395,             0.74059,            0.020824,            0.017529,           0.0030532,           0.0049921,           0.0049921,           0.0049921
                 270,            0.030258,            0.034558,           0.0084283,             0.88265,              0.8978,              0.9393,             0.74013,            0.020812,            0.017511,           0.0030509,           0.0049641,           0.0049641,           0.0049641
                 271,            0.030224,            0.034211,           0.0082328,              0.8843,             0.89714,             0.93954,             0.74109,            0.020802,            0.017495,           0.0030491,            0.004936,            0.004936,            0.004936
                 272,            0.030167,            0.034566,           0.0081918,             0.88214,              0.8973,              0.9397,             0.74102,            0.020792,            0.017483,           0.0030486,            0.004908,            0.004908,            0.004908
                 273,            0.030034,            0.034094,           0.0080664,             0.88287,             0.89836,             0.93959,             0.74195,            0.020783,            0.017469,           0.0030462,           0.0048799,           0.0048799,           0.0048799
                 274,            0.030045,            0.034295,           0.0079867,             0.90044,             0.88502,             0.93988,              0.7428,            0.020772,            0.017454,           0.0030422,            0.004852,            0.004852,            0.004852
                 275,            0.030068,             0.03402,           0.0079867,             0.89227,             0.88983,             0.93988,             0.74224,            0.020761,            0.017442,           0.0030374,            0.004824,            0.004824,            0.004824
                 276,            0.029986,            0.034099,           0.0080782,             0.87992,                 0.9,             0.94036,             0.74264,            0.020751,            0.017426,           0.0030313,            0.004796,            0.004796,            0.004796
                 277,             0.02982,            0.034036,           0.0080483,             0.87404,             0.90618,             0.94052,             0.74236,            0.020741,            0.017413,           0.0030268,           0.0047681,           0.0047681,           0.0047681
                 278,            0.029929,            0.034163,           0.0080152,             0.87301,              0.9061,             0.94053,             0.74331,            0.020734,            0.017402,           0.0030234,           0.0047402,           0.0047402,           0.0047402
                 279,            0.029889,            0.033707,           0.0080338,             0.87464,             0.90708,             0.94079,              0.7435,            0.020728,            0.017392,           0.0030229,           0.0047124,           0.0047124,           0.0047124
                 280,            0.029831,            0.033821,           0.0080712,             0.87513,             0.90595,             0.94071,             0.74388,            0.020723,            0.017377,            0.003022,           0.0046846,           0.0046846,           0.0046846
                 281,            0.030358,            0.034687,            0.008716,             0.87708,             0.90414,             0.94045,             0.74312,            0.020718,            0.017368,           0.0030174,           0.0046568,           0.0046568,           0.0046568
                 282,            0.030274,            0.034654,           0.0085357,             0.87949,             0.90191,             0.94026,             0.74321,            0.020709,            0.017357,           0.0030157,            0.004629,            0.004629,            0.004629
                 283,            0.030211,            0.034476,           0.0084182,             0.87669,             0.90526,             0.94044,             0.74318,            0.020698,            0.017344,           0.0030128,           0.0046013,           0.0046013,           0.0046013
                 284,            0.030088,             0.03436,           0.0085161,             0.88382,             0.89789,             0.94052,             0.74353,            0.020686,            0.017333,           0.0030109,           0.0045736,           0.0045736,           0.0045736
                 285,            0.030197,            0.034367,           0.0085232,             0.88262,             0.90113,             0.94073,             0.74445,            0.020678,            0.017322,           0.0030081,            0.004546,            0.004546,            0.004546
                 286,            0.030219,            0.034612,           0.0083465,             0.88182,              0.9013,             0.94091,              0.7446,            0.020671,            0.017313,           0.0030029,           0.0045184,           0.0045184,           0.0045184
                 287,            0.029967,             0.03414,           0.0082838,             0.88206,             0.90205,             0.94106,             0.74444,            0.020663,            0.017301,           0.0029989,           0.0044908,           0.0044908,           0.0044908
                 288,            0.030111,            0.034481,           0.0082914,             0.88174,             0.90169,             0.94121,             0.74526,            0.020652,            0.017287,           0.0029939,           0.0044632,           0.0044632,           0.0044632
                 289,            0.030118,            0.034071,           0.0083704,             0.88268,             0.90169,             0.94131,             0.74486,            0.020641,            0.017276,           0.0029898,           0.0044358,           0.0044358,           0.0044358
                 290,            0.030016,            0.034126,            0.008365,             0.88458,             0.90247,             0.94181,             0.74535,            0.020631,            0.017262,           0.0029854,           0.0044083,           0.0044083,           0.0044083
                 291,            0.029904,            0.034398,            0.008347,             0.88388,             0.90314,             0.94188,              0.7463,            0.020618,             0.01725,           0.0029778,           0.0043809,           0.0043809,           0.0043809
                 292,             0.02985,            0.034169,           0.0082398,             0.88392,              0.9023,             0.94197,             0.74677,            0.020608,            0.017239,           0.0029692,           0.0043535,           0.0043535,           0.0043535
                 293,            0.029966,              0.0341,           0.0082541,             0.88401,             0.90251,             0.94241,             0.74708,            0.020597,            0.017231,           0.0029561,           0.0043262,           0.0043262,           0.0043262
                 294,            0.029839,            0.034249,           0.0082705,             0.88526,             0.90242,             0.94226,             0.74712,            0.020586,             0.01722,           0.0029491,           0.0042989,           0.0042989,           0.0042989
                 295,            0.029795,            0.034057,           0.0082216,             0.88778,             0.89982,             0.94261,             0.74717,            0.020574,            0.017208,           0.0029436,           0.0042717,           0.0042717,           0.0042717
                 296,            0.029751,            0.033964,            0.008203,             0.88788,             0.90032,             0.94278,             0.74781,             0.02056,            0.017196,           0.0029324,           0.0042445,           0.0042445,           0.0042445
                 297,            0.029887,             0.03391,           0.0082419,             0.88848,             0.90045,             0.94268,              0.7481,            0.020547,            0.017186,           0.0029273,           0.0042174,           0.0042174,           0.0042174
                 298,            0.029662,            0.033956,           0.0080395,             0.88857,             0.90326,             0.94333,             0.74942,            0.020534,            0.017171,           0.0029233,           0.0041903,           0.0041903,           0.0041903
                 299,            0.029667,            0.034016,           0.0081934,             0.88877,             0.90332,             0.94368,             0.75003,            0.020521,            0.017155,            0.002919,           0.0041633,           0.0041633,           0.0041633
                 300,            0.029544,            0.033699,           0.0080674,             0.88949,             0.90427,             0.94385,             0.74978,            0.020511,            0.017139,           0.0029122,           0.0041363,           0.0041363,           0.0041363
                 301,            0.029693,             0.03395,            0.008112,             0.88995,             0.90541,             0.94384,             0.75049,            0.020499,            0.017122,           0.0029055,           0.0041094,           0.0041094,           0.0041094
                 302,            0.029492,            0.033637,           0.0080423,             0.89023,             0.90501,             0.94419,              0.7512,            0.020487,            0.017106,            0.002902,           0.0040826,           0.0040826,           0.0040826
                 303,            0.029574,            0.033724,           0.0081998,             0.89027,             0.90519,             0.94431,             0.75156,            0.020473,            0.017089,           0.0028993,           0.0040558,           0.0040558,           0.0040558
                 304,            0.029436,            0.033726,           0.0080133,             0.88834,              0.9071,             0.94449,             0.75193,            0.020463,            0.017074,           0.0028941,            0.004029,            0.004029,            0.004029
                 305,            0.029538,            0.033698,           0.0080312,             0.88942,              0.9075,             0.94482,             0.75229,            0.020449,            0.017056,           0.0028885,           0.0040023,           0.0040023,           0.0040023
                 306,             0.02959,            0.033868,           0.0080261,              0.8907,             0.90735,              0.9452,             0.75256,            0.020435,            0.017034,           0.0028789,           0.0039757,           0.0039757,           0.0039757
                 307,            0.029483,            0.033792,           0.0079128,             0.89044,             0.90732,             0.94539,             0.75316,            0.020418,            0.017014,           0.0028685,           0.0039491,           0.0039491,           0.0039491
                 308,            0.029385,             0.03341,           0.0080427,             0.88999,             0.90847,             0.94564,             0.75386,              0.0204,            0.016993,             0.00286,           0.0039226,           0.0039226,           0.0039226
                 309,            0.029503,            0.033831,           0.0079957,             0.89097,             0.90823,             0.94602,             0.75402,            0.020385,            0.016969,           0.0028544,           0.0038961,           0.0038961,           0.0038961
                 310,            0.029349,            0.033628,           0.0078143,             0.89193,             0.90819,             0.94589,              0.7541,             0.02037,            0.016943,           0.0028476,           0.0038698,           0.0038698,           0.0038698
                 311,            0.029516,            0.033727,           0.0080164,             0.89163,             0.90852,             0.94602,             0.75482,            0.020354,            0.016924,           0.0028395,           0.0038434,           0.0038434,           0.0038434
                 312,            0.029446,             0.03383,           0.0079241,             0.89138,             0.90838,             0.94625,             0.75529,            0.020344,            0.016909,           0.0028325,           0.0038172,           0.0038172,           0.0038172
                 313,            0.029289,            0.033476,             0.00794,             0.88686,             0.91223,             0.94673,             0.75672,            0.020331,            0.016893,           0.0028269,            0.003791,            0.003791,            0.003791
                 314,            0.029307,            0.033385,           0.0078664,             0.88869,             0.91179,             0.94686,             0.75615,            0.020317,            0.016874,           0.0028173,           0.0037649,           0.0037649,           0.0037649
                 315,            0.029137,            0.033207,           0.0079403,             0.89005,             0.91074,             0.94706,             0.75701,            0.020302,            0.016853,           0.0028077,           0.0037388,           0.0037388,           0.0037388
                 316,            0.029368,             0.03345,           0.0078856,             0.89056,             0.91079,             0.94739,             0.75786,            0.020288,            0.016836,           0.0027993,           0.0037128,           0.0037128,           0.0037128
                 317,            0.029121,            0.033212,            0.007681,             0.88699,             0.91557,              0.9474,             0.75849,            0.020272,            0.016816,            0.002792,           0.0036869,           0.0036869,           0.0036869
                 318,            0.029109,            0.033133,           0.0078512,             0.89333,             0.91165,             0.94774,             0.75876,            0.020254,            0.016799,            0.002783,           0.0036611,           0.0036611,           0.0036611
                 319,            0.029253,            0.033418,           0.0078762,             0.89128,             0.91314,             0.94795,             0.75945,            0.020237,            0.016776,           0.0027742,           0.0036353,           0.0036353,           0.0036353
                 320,            0.029181,            0.033155,           0.0078671,             0.89334,             0.91253,             0.94822,             0.75988,            0.020219,            0.016759,           0.0027683,           0.0036096,           0.0036096,           0.0036096
                 321,            0.029168,            0.033617,             0.00776,              0.8907,              0.9145,              0.9484,             0.76005,              0.0202,            0.016738,           0.0027586,            0.003584,            0.003584,            0.003584
                 322,            0.029084,            0.033195,           0.0077922,              0.8889,             0.91583,             0.94849,             0.76013,            0.020182,            0.016724,           0.0027476,           0.0035584,           0.0035584,           0.0035584
                 323,             0.02909,            0.033064,           0.0078248,             0.88674,               0.916,             0.94871,             0.76083,            0.020166,            0.016704,           0.0027391,            0.003533,            0.003533,            0.003533
                 324,            0.029107,            0.033158,           0.0077594,               0.887,             0.91585,             0.94908,              0.7612,            0.020153,            0.016688,           0.0027311,           0.0035076,           0.0035076,           0.0035076
                 325,            0.029029,             0.03328,           0.0077592,             0.87846,             0.92354,             0.94919,             0.76193,            0.020138,            0.016672,           0.0027197,           0.0034823,           0.0034823,           0.0034823
                 326,            0.028955,             0.03326,           0.0077563,             0.88604,              0.9175,             0.94968,             0.76182,            0.020121,            0.016649,           0.0027075,            0.003457,            0.003457,            0.003457
                 327,            0.029035,            0.033291,           0.0077097,             0.88547,             0.91844,             0.94975,             0.76256,            0.020106,             0.01663,           0.0026985,           0.0034319,           0.0034319,           0.0034319
                 328,            0.028993,             0.03327,           0.0076582,             0.88747,             0.91814,             0.95015,             0.76264,            0.020093,            0.016614,           0.0026914,           0.0034068,           0.0034068,           0.0034068
                 329,            0.028892,            0.032977,           0.0077825,             0.89101,             0.91533,             0.95081,             0.76283,            0.020078,            0.016598,           0.0026832,           0.0033818,           0.0033818,           0.0033818
                 330,            0.028801,            0.032798,           0.0076717,             0.89089,              0.9147,             0.95079,               0.763,            0.020064,            0.016578,           0.0026743,           0.0033569,           0.0033569,           0.0033569
                 331,            0.028819,            0.032817,           0.0076989,             0.89162,             0.91474,             0.95119,             0.76406,             0.02005,            0.016561,           0.0026649,           0.0033321,           0.0033321,           0.0033321
                 332,            0.028806,            0.032747,           0.0075545,             0.89308,             0.91356,             0.95176,             0.76497,            0.020037,            0.016542,           0.0026555,           0.0033074,           0.0033074,           0.0033074
                 333,             0.02872,            0.032778,           0.0076487,             0.89465,             0.91301,             0.95196,             0.76508,            0.020027,            0.016523,           0.0026486,           0.0032827,           0.0032827,           0.0032827
                 334,            0.028819,            0.032761,           0.0075383,             0.89184,             0.91531,             0.95233,             0.76629,            0.020019,            0.016509,           0.0026437,           0.0032582,           0.0032582,           0.0032582
                 335,            0.028684,            0.032655,           0.0076023,             0.89362,              0.9152,             0.95249,             0.76654,            0.020008,            0.016495,           0.0026392,           0.0032337,           0.0032337,           0.0032337
                 336,            0.028672,            0.032724,           0.0075914,             0.89442,             0.91557,              0.9526,             0.76602,            0.019999,            0.016477,           0.0026341,           0.0032093,           0.0032093,           0.0032093
                 337,            0.028767,              0.0328,           0.0075834,             0.89369,             0.91629,             0.95296,              0.7676,             0.01999,            0.016466,           0.0026282,            0.003185,            0.003185,            0.003185
                 338,             0.02858,            0.032723,           0.0074903,             0.88856,             0.92139,             0.95323,             0.76708,            0.019975,             0.01645,           0.0026231,           0.0031608,           0.0031608,           0.0031608
                 339,            0.028586,             0.03261,           0.0075315,             0.88828,             0.92119,             0.95381,             0.76836,            0.019964,            0.016431,           0.0026176,           0.0031367,           0.0031367,           0.0031367
                 340,            0.028568,            0.032545,             0.00748,             0.89303,             0.91627,             0.95393,             0.76848,            0.019957,            0.016417,           0.0026135,           0.0031127,           0.0031127,           0.0031127
                 341,            0.028375,            0.032055,           0.0072622,             0.88021,             0.92842,              0.9542,             0.76924,            0.019943,            0.016399,           0.0026111,           0.0030888,           0.0030888,           0.0030888
                 342,             0.02827,            0.032045,           0.0072131,             0.88145,             0.92817,             0.95433,             0.76946,            0.019929,            0.016377,           0.0026083,            0.003065,            0.003065,            0.003065
                 343,            0.028331,            0.032104,            0.007215,             0.88302,             0.92799,             0.95434,             0.76965,            0.019915,            0.016354,           0.0026064,           0.0030412,           0.0030412,           0.0030412
                 344,            0.028354,            0.032238,           0.0073211,             0.88338,             0.92861,             0.95479,             0.77074,            0.019904,            0.016332,           0.0026043,           0.0030176,           0.0030176,           0.0030176
                 345,            0.028293,            0.032004,           0.0071369,             0.88419,             0.92938,             0.95507,              0.7708,            0.019892,            0.016313,           0.0026009,           0.0029941,           0.0029941,           0.0029941
                 346,            0.028284,            0.032383,           0.0071523,             0.88435,             0.92961,             0.95499,             0.77134,            0.019878,            0.016295,           0.0026008,           0.0029706,           0.0029706,           0.0029706
                 347,            0.028216,            0.032047,           0.0071313,             0.88206,             0.92762,             0.95454,             0.77163,            0.019866,            0.016277,           0.0025979,           0.0029473,           0.0029473,           0.0029473
                 348,            0.028282,            0.032318,           0.0070907,             0.89314,             0.91872,             0.95481,             0.77201,            0.019852,             0.01626,           0.0025943,           0.0029241,           0.0029241,           0.0029241
                 349,            0.028309,             0.03203,           0.0070841,             0.88665,             0.92358,              0.9551,             0.77209,            0.019837,             0.01624,           0.0025922,           0.0029009,           0.0029009,           0.0029009
                 350,            0.028167,            0.032018,           0.0071409,             0.88641,             0.92358,             0.95508,             0.77207,            0.019821,             0.01622,           0.0025923,           0.0028779,           0.0028779,           0.0028779
                 351,            0.028048,            0.032032,             0.00713,              0.8864,              0.9256,             0.95523,             0.77206,            0.019806,            0.016202,           0.0025923,            0.002855,            0.002855,            0.002855
                 352,            0.028158,            0.032086,           0.0071062,             0.88813,             0.92494,              0.9552,             0.77232,            0.019792,            0.016184,           0.0025915,           0.0028321,           0.0028321,           0.0028321
                 353,            0.028138,            0.031753,           0.0071038,             0.88444,             0.92723,             0.95531,              0.7732,            0.019782,             0.01617,           0.0025905,           0.0028094,           0.0028094,           0.0028094
                 354,            0.028076,            0.031837,           0.0071339,             0.89357,             0.91956,              0.9555,             0.77334,             0.01977,            0.016152,           0.0025913,           0.0027868,           0.0027868,           0.0027868
                 355,            0.028171,            0.031969,           0.0072451,             0.89177,             0.92384,             0.95601,             0.77388,            0.019757,            0.016134,           0.0025921,           0.0027643,           0.0027643,           0.0027643
                 356,            0.028045,            0.031957,           0.0071202,             0.89206,             0.92439,             0.95604,             0.77404,            0.019739,            0.016112,           0.0025909,           0.0027419,           0.0027419,           0.0027419
                 357,            0.028052,            0.031873,           0.0070926,              0.8919,             0.92447,             0.95632,              0.7746,            0.019721,            0.016091,           0.0025912,           0.0027196,           0.0027196,           0.0027196
                 358,            0.027941,            0.031751,           0.0071193,             0.89156,              0.9256,             0.95647,             0.77541,            0.019707,            0.016074,           0.0025909,           0.0026975,           0.0026975,           0.0026975
                 359,            0.028042,            0.031796,           0.0071594,              0.8949,             0.92331,             0.95672,              0.7757,            0.019691,            0.016055,           0.0025875,           0.0026754,           0.0026754,           0.0026754
                 360,            0.028036,            0.032009,           0.0069506,              0.8928,             0.92547,              0.9568,             0.77648,            0.019678,            0.016038,           0.0025826,           0.0026534,           0.0026534,           0.0026534
                 361,            0.027821,            0.031545,           0.0069447,             0.89278,             0.92688,             0.95672,             0.77709,            0.019662,            0.016021,           0.0025801,           0.0026316,           0.0026316,           0.0026316
                 362,            0.027973,            0.031894,           0.0070435,             0.89395,             0.92679,             0.95711,             0.77817,            0.019649,            0.016003,           0.0025738,           0.0026099,           0.0026099,           0.0026099
                 363,            0.027995,            0.031626,           0.0070557,               0.893,             0.92776,             0.95731,             0.77877,            0.019636,            0.015988,           0.0025701,           0.0025882,           0.0025882,           0.0025882
                 364,            0.027887,            0.031624,           0.0070271,             0.89558,             0.92451,             0.95721,             0.77929,            0.019625,             0.01597,           0.0025649,           0.0025667,           0.0025667,           0.0025667
                 365,            0.027839,            0.031867,           0.0070395,             0.89666,              0.9248,              0.9578,             0.77955,            0.019608,            0.015955,           0.0025611,           0.0025454,           0.0025454,           0.0025454
                 366,            0.027763,            0.031665,           0.0069877,             0.89964,             0.92225,              0.9581,             0.77929,            0.019593,             0.01594,            0.002555,           0.0025241,           0.0025241,           0.0025241
                 367,             0.02789,            0.031645,           0.0069731,             0.90168,             0.92062,             0.95844,              0.7802,            0.019579,             0.01592,           0.0025448,           0.0025029,           0.0025029,           0.0025029
                 368,            0.027753,            0.031788,           0.0069964,              0.9006,             0.92134,             0.95812,              0.7794,            0.019563,              0.0159,           0.0025388,           0.0024819,           0.0024819,           0.0024819
                 369,             0.02774,            0.031578,           0.0069415,             0.90138,             0.92173,             0.95843,             0.77992,            0.019547,            0.015885,           0.0025336,            0.002461,            0.002461,            0.002461
                 370,            0.027633,            0.031465,           0.0069227,             0.90167,             0.92221,             0.95858,             0.78117,            0.019534,            0.015872,           0.0025284,           0.0024402,           0.0024402,           0.0024402
                 371,            0.027796,            0.031435,           0.0069578,             0.90222,             0.92205,             0.95869,             0.78127,            0.019522,            0.015856,           0.0025251,           0.0024195,           0.0024195,           0.0024195
                 372,            0.027539,            0.031393,           0.0067912,              0.9034,             0.92144,             0.95891,             0.78145,            0.019507,            0.015839,           0.0025222,            0.002399,            0.002399,            0.002399
                 373,            0.027572,            0.031466,           0.0068493,             0.90312,              0.9211,             0.95848,             0.78158,            0.019492,            0.015826,           0.0025213,           0.0023786,           0.0023786,           0.0023786
                 374,            0.027494,             0.03122,           0.0068376,             0.90365,             0.92113,             0.95881,             0.78194,            0.019481,            0.015814,           0.0025191,           0.0023583,           0.0023583,           0.0023583
                 375,            0.027608,             0.03149,           0.0068637,             0.90338,             0.92081,             0.95904,             0.78189,             0.01947,            0.015797,           0.0025162,           0.0023381,           0.0023381,           0.0023381
                 376,            0.027407,            0.031153,           0.0067753,             0.90387,             0.92018,             0.95909,              0.7823,            0.019456,            0.015782,           0.0025135,            0.002318,            0.002318,            0.002318
                 377,            0.027496,            0.031226,           0.0068588,             0.90437,             0.92003,             0.95957,             0.78261,            0.019446,            0.015771,           0.0025117,           0.0022981,           0.0022981,           0.0022981
                 378,            0.027385,            0.031263,           0.0067733,             0.90449,             0.92026,             0.95968,             0.78354,            0.019432,            0.015755,           0.0025083,           0.0022783,           0.0022783,           0.0022783
                 379,            0.027429,            0.031164,           0.0068222,             0.90245,             0.92266,             0.95998,             0.78384,            0.019416,            0.015741,            0.002507,           0.0022586,           0.0022586,           0.0022586
                 380,             0.02753,            0.031419,           0.0067994,             0.89284,             0.93181,             0.96054,             0.78408,            0.019401,            0.015723,           0.0025012,           0.0022391,           0.0022391,           0.0022391
                 381,            0.027384,            0.031277,             0.00672,             0.90693,              0.9207,             0.96069,             0.78457,            0.019383,            0.015704,           0.0024974,           0.0022196,           0.0022196,           0.0022196
                 382,            0.027313,            0.030916,            0.006816,             0.90619,             0.92155,             0.96049,             0.78478,            0.019364,            0.015686,           0.0024949,           0.0022004,           0.0022004,           0.0022004
                 383,            0.027432,            0.031351,           0.0067498,             0.90114,             0.92635,             0.96074,             0.78452,            0.019348,            0.015668,           0.0024953,           0.0021812,           0.0021812,           0.0021812
                 384,            0.027294,            0.031142,           0.0066033,             0.90224,             0.92829,             0.96092,             0.78545,            0.019332,            0.015649,           0.0024931,           0.0021622,           0.0021622,           0.0021622
                 385,            0.027371,            0.031224,           0.0067471,             0.90241,             0.92846,             0.96112,             0.78557,            0.019315,             0.01563,           0.0024881,           0.0021433,           0.0021433,           0.0021433
                 386,            0.027367,            0.031305,           0.0066818,             0.90235,             0.92884,             0.96124,              0.7849,            0.019301,            0.015614,           0.0024826,           0.0021245,           0.0021245,           0.0021245
                 387,            0.027206,            0.030964,           0.0066869,             0.90493,             0.92493,             0.96195,             0.78517,            0.019287,            0.015597,           0.0024795,           0.0021059,           0.0021059,           0.0021059
                 388,            0.027226,            0.030862,           0.0066446,             0.90532,             0.92524,             0.96223,             0.78645,            0.019271,             0.01558,           0.0024698,           0.0020874,           0.0020874,           0.0020874
                 389,             0.02712,            0.030773,           0.0067104,             0.90517,             0.92594,             0.96212,             0.78603,            0.019257,            0.015564,           0.0024607,            0.002069,            0.002069,            0.002069
                 390,            0.027254,            0.030927,           0.0066383,             0.90596,             0.92487,             0.96212,             0.78572,            0.019244,            0.015548,           0.0024552,           0.0020508,           0.0020508,           0.0020508
                 391,            0.027055,            0.030738,           0.0065167,             0.90549,             0.92521,             0.96239,             0.78652,            0.019229,            0.015531,            0.002449,           0.0020327,           0.0020327,           0.0020327
                 392,            0.027035,            0.030677,           0.0066085,             0.90703,             0.92332,             0.96221,             0.78634,            0.019216,            0.015511,           0.0024425,           0.0020147,           0.0020147,           0.0020147
                 393,            0.027144,            0.030903,           0.0066614,             0.90459,             0.92422,             0.96248,             0.78694,            0.019199,            0.015493,           0.0024356,           0.0019969,           0.0019969,           0.0019969
                 394,            0.027077,            0.030657,           0.0066407,             0.90899,             0.92323,             0.96277,             0.78796,            0.019186,            0.015477,           0.0024298,           0.0019792,           0.0019792,           0.0019792
                 395,            0.027052,            0.031054,           0.0064854,             0.90881,             0.92398,             0.96269,             0.78819,            0.019171,            0.015461,           0.0024216,           0.0019617,           0.0019617,           0.0019617
                 396,            0.026994,            0.030679,           0.0065594,              0.9083,             0.92463,             0.96341,             0.78792,            0.019158,            0.015445,           0.0024128,           0.0019443,           0.0019443,           0.0019443
                 397,             0.02697,             0.03053,           0.0065404,             0.91033,             0.92648,             0.96356,             0.78816,            0.019146,             0.01543,           0.0024057,            0.001927,            0.001927,            0.001927
                 398,            0.026985,            0.030588,           0.0065256,              0.9101,             0.92641,             0.96371,             0.78887,            0.019135,            0.015416,           0.0023992,           0.0019099,           0.0019099,           0.0019099
                 399,            0.026917,            0.030742,           0.0065035,             0.90967,             0.92644,             0.96377,             0.78965,            0.019124,              0.0154,           0.0023913,           0.0018929,           0.0018929,           0.0018929
                 400,            0.026849,             0.03073,            0.006539,             0.91044,             0.92659,             0.96403,             0.79013,            0.019112,            0.015384,           0.0023815,           0.0018761,           0.0018761,           0.0018761
                 401,            0.026935,            0.030717,            0.006525,             0.91022,             0.92751,             0.96406,             0.79069,            0.019097,            0.015367,           0.0023737,           0.0018594,           0.0018594,           0.0018594
                 402,            0.026925,            0.030766,           0.0064749,             0.90972,             0.92653,             0.96353,             0.79103,            0.019083,            0.015352,           0.0023658,           0.0018429,           0.0018429,           0.0018429
                 403,            0.026785,            0.030418,           0.0065389,             0.91143,             0.92557,             0.96353,             0.79093,            0.019069,            0.015332,           0.0023581,           0.0018265,           0.0018265,           0.0018265
                 404,            0.026728,            0.030297,           0.0064445,             0.91251,             0.92517,             0.96365,             0.79121,            0.019057,            0.015316,           0.0023489,           0.0018102,           0.0018102,           0.0018102
                 405,              0.0267,            0.030266,           0.0064858,             0.91456,             0.92566,             0.96389,             0.79224,            0.019043,            0.015304,           0.0023396,           0.0017941,           0.0017941,           0.0017941
                 406,            0.026759,            0.030226,           0.0063892,             0.91422,             0.92647,             0.96397,             0.79278,            0.019029,            0.015286,           0.0023313,           0.0017781,           0.0017781,           0.0017781
                 407,             0.02668,            0.030362,           0.0064515,             0.91444,             0.92712,             0.96399,             0.79284,            0.019016,             0.01527,           0.0023246,           0.0017623,           0.0017623,           0.0017623
                 408,            0.026746,            0.030238,           0.0063524,             0.91347,             0.92805,             0.96447,             0.79202,            0.019005,            0.015257,           0.0023187,           0.0017466,           0.0017466,           0.0017466
                 409,            0.026624,             0.03012,           0.0063776,             0.91308,             0.92963,             0.96473,             0.79238,            0.018992,            0.015243,           0.0023147,           0.0017311,           0.0017311,           0.0017311
                 410,            0.026649,            0.030255,           0.0064067,             0.91347,             0.92994,             0.96477,             0.79299,            0.018979,            0.015226,           0.0023098,           0.0017157,           0.0017157,           0.0017157
                 411,            0.026666,            0.030273,           0.0064012,             0.91368,             0.93149,             0.96497,             0.79291,            0.018968,            0.015213,           0.0023043,           0.0017005,           0.0017005,           0.0017005
                 412,             0.02655,            0.030239,           0.0063069,             0.91256,             0.93176,             0.96522,             0.79385,            0.018953,            0.015199,           0.0022999,           0.0016854,           0.0016854,           0.0016854
                 413,            0.026517,            0.030146,           0.0063852,             0.90299,               0.939,             0.96581,             0.79463,            0.018939,            0.015188,           0.0022968,           0.0016705,           0.0016705,           0.0016705
                 414,            0.026507,            0.030036,           0.0062935,             0.90608,              0.9385,             0.96615,             0.79484,            0.018926,            0.015175,           0.0022943,           0.0016558,           0.0016558,           0.0016558
                 415,            0.026737,            0.030355,           0.0065401,             0.90687,             0.93857,              0.9662,             0.79502,            0.018912,            0.015164,           0.0022929,           0.0016411,           0.0016411,           0.0016411
                 416,            0.026641,            0.030282,            0.006469,             0.90727,             0.93748,             0.96639,             0.79508,              0.0189,            0.015155,           0.0022885,           0.0016267,           0.0016267,           0.0016267
                 417,            0.026651,             0.03035,           0.0064171,             0.91128,             0.93636,             0.96647,             0.79576,            0.018885,            0.015141,           0.0022831,           0.0016123,           0.0016123,           0.0016123
                 418,            0.026464,            0.030391,           0.0064144,             0.91096,             0.93445,             0.96669,             0.79606,            0.018872,            0.015129,           0.0022797,           0.0015982,           0.0015982,           0.0015982
                 419,            0.026573,            0.030061,           0.0064406,             0.91112,             0.93495,             0.96689,             0.79609,             0.01886,            0.015115,           0.0022764,           0.0015842,           0.0015842,           0.0015842
                 420,            0.026574,            0.030227,           0.0065052,             0.90899,             0.93668,              0.9671,             0.79692,            0.018846,            0.015102,           0.0022759,           0.0015703,           0.0015703,           0.0015703
                 421,            0.026487,            0.030284,              0.0064,              0.9067,             0.93876,             0.96747,             0.79775,            0.018832,            0.015087,           0.0022737,           0.0015566,           0.0015566,           0.0015566
                 422,            0.026461,            0.030297,           0.0062785,             0.90662,             0.93864,             0.96753,             0.79806,            0.018817,            0.015066,           0.0022719,           0.0015431,           0.0015431,           0.0015431
                 423,            0.026588,            0.030274,           0.0063871,             0.90668,             0.93774,             0.96754,             0.79806,            0.018802,             0.01505,           0.0022708,           0.0015297,           0.0015297,           0.0015297
                 424,            0.026567,             0.03022,           0.0063888,             0.90581,             0.93984,             0.96772,             0.79794,            0.018789,            0.015032,           0.0022653,           0.0015165,           0.0015165,           0.0015165
                 425,            0.026506,            0.030202,           0.0064237,             0.90546,             0.94092,             0.96764,             0.79929,            0.018776,            0.015016,           0.0022603,           0.0015034,           0.0015034,           0.0015034
                 426,            0.026388,            0.029975,           0.0063237,             0.90706,             0.93913,             0.96776,              0.7987,            0.018762,            0.015004,           0.0022584,           0.0014905,           0.0014905,           0.0014905
                 427,            0.026291,            0.030049,           0.0063363,             0.90464,             0.94098,              0.9678,             0.79969,            0.018744,            0.014988,           0.0022584,           0.0014777,           0.0014777,           0.0014777
                 428,            0.026384,            0.029995,           0.0063857,             0.90562,             0.94175,              0.9683,                 0.8,             0.01873,            0.014974,           0.0022576,           0.0014651,           0.0014651,           0.0014651
                 429,            0.026315,            0.030044,             0.00629,             0.90467,             0.94261,             0.96824,             0.80055,            0.018714,            0.014959,           0.0022574,           0.0014527,           0.0014527,           0.0014527
                 430,            0.026377,            0.029949,           0.0063471,             0.90421,             0.94322,             0.96861,              0.8015,              0.0187,            0.014943,           0.0022564,           0.0014404,           0.0014404,           0.0014404
                 431,            0.026272,             0.02973,           0.0062873,             0.90731,             0.94158,             0.96876,             0.80272,            0.018685,            0.014932,           0.0022546,           0.0014283,           0.0014283,           0.0014283
                 432,            0.026216,            0.029652,           0.0062665,             0.91444,             0.93691,             0.96895,             0.80311,            0.018673,            0.014921,           0.0022513,           0.0014163,           0.0014163,           0.0014163
                 433,            0.026285,             0.02992,           0.0062629,             0.90796,             0.94192,             0.96899,             0.80344,            0.018658,            0.014909,           0.0022481,           0.0014045,           0.0014045,           0.0014045
                 434,             0.02638,            0.030028,           0.0062398,             0.90791,             0.94273,             0.96897,              0.8036,            0.018648,            0.014897,           0.0022454,           0.0013929,           0.0013929,           0.0013929
                 435,            0.026275,            0.029859,           0.0062558,             0.89886,             0.95111,             0.96905,             0.80376,            0.018636,             0.01488,           0.0022409,           0.0013814,           0.0013814,           0.0013814
                 436,            0.026214,            0.029745,           0.0062443,             0.90673,             0.94479,             0.96904,             0.80403,            0.018624,            0.014866,           0.0022372,           0.0013701,           0.0013701,           0.0013701
                 437,            0.026164,            0.029648,           0.0062043,             0.90665,             0.94565,             0.96893,             0.80416,            0.018611,            0.014851,           0.0022316,            0.001359,            0.001359,            0.001359
                 438,            0.026235,            0.029796,            0.006206,             0.90754,             0.94497,             0.96921,             0.80441,            0.018599,            0.014839,           0.0022267,            0.001348,            0.001348,            0.001348
                 439,             0.02608,            0.029759,           0.0060943,             0.90731,             0.94485,             0.96934,             0.80425,            0.018586,            0.014823,           0.0022229,           0.0013372,           0.0013372,           0.0013372
                 440,            0.026086,             0.02958,           0.0062409,             0.90836,             0.94392,             0.96955,             0.80461,             0.01857,            0.014806,           0.0022189,           0.0013265,           0.0013265,           0.0013265
                 441,            0.026081,            0.029558,           0.0062073,             0.90938,             0.94414,             0.96967,             0.80467,            0.018555,            0.014793,           0.0022151,            0.001316,            0.001316,            0.001316
                 442,            0.026057,            0.029669,           0.0060411,             0.90919,             0.94365,             0.96941,             0.80556,            0.018543,            0.014779,           0.0022111,           0.0013057,           0.0013057,           0.0013057
                 443,            0.026051,             0.02987,           0.0061999,             0.90961,             0.94363,             0.96949,             0.80562,             0.01853,            0.014764,            0.002209,           0.0012955,           0.0012955,           0.0012955
                 444,            0.026113,            0.029678,           0.0061989,             0.90897,              0.9439,             0.96954,             0.80615,            0.018516,             0.01475,           0.0022074,           0.0012855,           0.0012855,           0.0012855
                 445,            0.026103,            0.029651,           0.0062137,             0.91059,             0.94353,             0.96937,             0.80614,            0.018502,            0.014738,           0.0022048,           0.0012757,           0.0012757,           0.0012757
                 446,            0.025941,            0.029397,           0.0061768,             0.91061,             0.94332,              0.9697,             0.80608,             0.01849,            0.014722,           0.0022005,            0.001266,            0.001266,            0.001266
                 447,            0.025936,            0.029532,           0.0060128,             0.90884,             0.94419,             0.96979,              0.8074,            0.018475,            0.014708,           0.0021973,           0.0012565,           0.0012565,           0.0012565
                 448,            0.025816,            0.029247,           0.0060936,             0.90931,             0.94303,              0.9698,             0.80741,            0.018463,            0.014694,            0.002194,           0.0012472,           0.0012472,           0.0012472
                 449,            0.026103,            0.029595,           0.0062234,             0.91215,             0.94315,             0.97005,             0.80772,            0.018451,            0.014683,           0.0021908,           0.0012381,           0.0012381,           0.0012381
                 450,            0.025957,            0.029519,           0.0060441,             0.91214,             0.94353,             0.97001,             0.80759,            0.018438,            0.014668,           0.0021865,           0.0012291,           0.0012291,           0.0012291
                 451,            0.025886,            0.029474,           0.0061357,              0.9147,             0.94025,             0.97007,             0.80815,            0.018429,            0.014659,           0.0021837,           0.0012202,           0.0012202,           0.0012202
                 452,            0.025921,              0.0297,           0.0060565,              0.9152,             0.93985,             0.97029,             0.80863,             0.01842,            0.014645,           0.0021804,           0.0012116,           0.0012116,           0.0012116
                 453,            0.025826,            0.029361,           0.0061162,             0.91646,             0.93967,             0.97032,             0.80796,            0.018412,            0.014637,           0.0021776,           0.0012031,           0.0012031,           0.0012031
                 454,            0.025848,            0.029504,           0.0060447,             0.91602,              0.9389,             0.97039,             0.80931,            0.018403,            0.014624,           0.0021755,           0.0011948,           0.0011948,           0.0011948
                 455,             0.02572,            0.029173,           0.0059749,             0.91593,             0.93918,             0.97043,             0.80965,            0.018391,            0.014613,           0.0021724,           0.0011867,           0.0011867,           0.0011867
                 456,            0.025831,            0.029469,           0.0060154,             0.91695,             0.94002,             0.97045,             0.81026,             0.01838,            0.014601,           0.0021693,           0.0011787,           0.0011787,           0.0011787
                 457,            0.025838,            0.029334,           0.0060069,              0.9145,             0.94186,             0.97041,             0.81016,            0.018369,            0.014585,           0.0021662,           0.0011709,           0.0011709,           0.0011709
                 458,            0.025756,            0.029316,           0.0060592,             0.91443,             0.94144,             0.97061,             0.81056,            0.018358,            0.014572,           0.0021631,           0.0011632,           0.0011632,           0.0011632
                 459,             0.02584,            0.029354,           0.0060283,             0.91459,             0.94152,              0.9707,              0.8109,            0.018347,            0.014559,           0.0021615,           0.0011558,           0.0011558,           0.0011558
                 460,            0.025741,            0.029101,            0.005907,              0.9125,             0.94188,             0.97073,             0.81155,            0.018336,            0.014546,           0.0021582,           0.0011485,           0.0011485,           0.0011485
                 461,            0.025839,            0.029329,           0.0060088,             0.91306,              0.9402,             0.97075,             0.81165,            0.018324,            0.014533,            0.002155,           0.0011414,           0.0011414,           0.0011414
                 462,            0.025552,            0.029097,           0.0059487,             0.91475,             0.94038,              0.9706,             0.81137,            0.018313,            0.014517,           0.0021526,           0.0011344,           0.0011344,           0.0011344
                 463,            0.025652,            0.029042,           0.0059953,             0.91451,             0.94091,             0.97087,             0.81167,            0.018304,            0.014505,           0.0021495,           0.0011277,           0.0011277,           0.0011277
                 464,            0.025717,            0.029372,            0.006018,             0.91225,             0.94189,             0.97078,             0.81184,            0.018291,            0.014492,           0.0021467,           0.0011211,           0.0011211,           0.0011211
                 465,             0.02561,            0.029287,            0.006017,             0.90912,             0.94389,             0.97103,             0.81158,            0.018279,            0.014479,           0.0021432,           0.0011146,           0.0011146,           0.0011146
                 466,            0.025588,            0.029075,           0.0059669,             0.90048,             0.95073,             0.97101,             0.81134,            0.018267,            0.014467,           0.0021405,           0.0011084,           0.0011084,           0.0011084
                 467,            0.025645,            0.029351,           0.0059301,             0.90093,             0.94954,             0.97103,             0.81045,            0.018257,            0.014458,           0.0021366,           0.0011023,           0.0011023,           0.0011023
                 468,             0.02576,            0.029431,           0.0059863,             0.90152,             0.94953,             0.97108,             0.81034,            0.018246,            0.014451,           0.0021321,           0.0010964,           0.0010964,           0.0010964
                 469,             0.02569,            0.029148,           0.0059494,             0.91925,             0.93554,             0.97123,             0.81053,            0.018236,            0.014441,           0.0021295,           0.0010907,           0.0010907,           0.0010907
                 470,            0.025615,            0.029151,           0.0059006,             0.91957,             0.93527,             0.97139,             0.81064,            0.018226,             0.01443,           0.0021286,           0.0010851,           0.0010851,           0.0010851
                 471,            0.025512,             0.02918,           0.0059894,             0.90241,             0.95042,             0.97143,              0.8111,            0.018212,             0.01442,           0.0021275,           0.0010797,           0.0010797,           0.0010797
                 472,            0.025635,            0.029031,           0.0059037,              0.9186,             0.93601,             0.97134,             0.81144,            0.018201,            0.014412,           0.0021264,           0.0010745,           0.0010745,           0.0010745
                 473,            0.025672,             0.02905,           0.0060392,             0.90165,             0.95043,             0.97118,             0.81111,             0.01819,            0.014401,           0.0021263,           0.0010695,           0.0010695,           0.0010695
                 474,            0.025564,            0.029075,           0.0058656,             0.90061,             0.95162,             0.97118,             0.81147,            0.018179,            0.014389,           0.0021254,           0.0010646,           0.0010646,           0.0010646
                 475,            0.025539,            0.029065,           0.0059469,             0.89966,             0.95205,             0.97127,             0.81205,            0.018164,            0.014378,           0.0021241,           0.0010599,           0.0010599,           0.0010599
                 476,            0.025625,            0.029144,           0.0058952,              0.9197,             0.93608,             0.97123,             0.81166,            0.018152,            0.014367,           0.0021227,           0.0010554,           0.0010554,           0.0010554
                 477,              0.0256,            0.029175,           0.0058822,             0.89377,             0.95791,             0.97113,             0.81213,            0.018141,            0.014357,           0.0021212,           0.0010511,           0.0010511,           0.0010511
                 478,            0.025408,            0.028968,           0.0059273,             0.91585,              0.9384,             0.97137,             0.81258,            0.018129,            0.014347,           0.0021194,           0.0010469,           0.0010469,           0.0010469
                 479,             0.02544,             0.02899,           0.0058699,             0.91814,             0.93761,             0.97151,               0.813,            0.018117,            0.014334,           0.0021175,           0.0010429,           0.0010429,           0.0010429
                 480,            0.025552,            0.028932,           0.0058843,             0.92142,             0.93567,             0.97165,             0.81309,            0.018107,            0.014326,           0.0021146,           0.0010391,           0.0010391,           0.0010391
                 481,            0.025535,            0.029131,            0.005969,             0.91912,             0.93837,             0.97165,             0.81366,            0.018095,            0.014314,           0.0021118,           0.0010355,           0.0010355,           0.0010355
                 482,            0.025526,            0.028772,           0.0058668,             0.91951,             0.93829,             0.97177,             0.81332,            0.018085,            0.014305,           0.0021097,            0.001032,            0.001032,            0.001032
                 483,            0.025503,            0.028947,           0.0058687,             0.91929,             0.93827,             0.97157,             0.81309,            0.018075,            0.014296,           0.0021074,           0.0010287,           0.0010287,           0.0010287
                 484,            0.025404,            0.029052,           0.0058107,             0.91932,             0.93922,             0.97182,             0.81292,            0.018068,            0.014292,            0.002105,           0.0010256,           0.0010256,           0.0010256
                 485,            0.025583,            0.028944,           0.0058561,             0.91925,             0.93997,             0.97181,             0.81308,             0.01806,            0.014282,           0.0021018,           0.0010227,           0.0010227,           0.0010227
                 486,            0.025425,            0.029088,           0.0058617,             0.92042,             0.94095,             0.97218,             0.81402,            0.018051,            0.014279,           0.0020996,             0.00102,             0.00102,             0.00102
                 487,            0.025462,            0.028722,           0.0058978,             0.91897,             0.94106,             0.97243,             0.81394,            0.018045,            0.014271,           0.0020975,           0.0010174,           0.0010174,           0.0010174
                 488,            0.025445,            0.028727,           0.0058151,             0.90224,             0.95612,             0.97255,             0.81493,            0.018036,            0.014265,           0.0020965,            0.001015,            0.001015,            0.001015
                 489,            0.025438,            0.028726,           0.0059118,             0.91957,             0.94075,             0.97252,             0.81421,            0.018028,            0.014259,           0.0020946,           0.0010128,           0.0010128,           0.0010128
                 490,            0.025439,            0.028866,           0.0057958,             0.91905,             0.94068,             0.97241,             0.81404,            0.018022,            0.014255,           0.0020915,           0.0010107,           0.0010107,           0.0010107
                 491,            0.025335,            0.028573,           0.0057797,             0.91874,             0.94171,              0.9724,             0.81396,            0.018012,            0.014244,           0.0020904,           0.0010089,           0.0010089,           0.0010089
                 492,              0.0254,            0.028849,           0.0059006,             0.91712,             0.94192,             0.97227,              0.8144,            0.018002,            0.014236,           0.0020903,           0.0010072,           0.0010072,           0.0010072
                 493,            0.025304,             0.02876,           0.0059201,             0.91211,              0.9463,             0.97218,             0.81447,            0.017992,            0.014227,           0.0020903,           0.0010057,           0.0010057,           0.0010057
                 494,            0.025293,            0.028708,           0.0057977,             0.91317,             0.94577,             0.97228,             0.81615,            0.017983,             0.01422,           0.0020904,           0.0010044,           0.0010044,           0.0010044
                 495,            0.025403,            0.028774,             0.00583,             0.91363,             0.94478,             0.97225,             0.81666,            0.017977,            0.014212,           0.0020905,           0.0010032,           0.0010032,           0.0010032
                 496,            0.025237,            0.028672,           0.0058548,             0.91413,             0.94487,              0.9725,             0.81755,            0.017968,            0.014205,           0.0020887,           0.0010022,           0.0010022,           0.0010022
                 497,            0.025316,            0.028888,           0.0059099,             0.91261,             0.94695,             0.97217,              0.8175,             0.01796,            0.014197,           0.0020865,           0.0010014,           0.0010014,           0.0010014
                 498,            0.025392,            0.028736,           0.0058683,             0.91813,             0.94241,             0.97234,             0.81798,            0.017951,            0.014187,           0.0020852,           0.0010008,           0.0010008,           0.0010008
                 499,            0.025353,            0.028919,           0.0058336,             0.92089,             0.94244,             0.97273,              0.8176,            0.017944,            0.014179,           0.0020852,           0.0010004,           0.0010004,           0.0010004
