               epoch,      train/box_loss,      train/obj_loss,      train/cls_loss,   metrics/precision,      metrics/recall,     metrics/mAP_0.5,metrics/mAP_0.5:0.95,        val/box_loss,        val/obj_loss,        val/cls_loss,               x/lr0,               x/lr1,               x/lr2
                   0,            0.067679,             0.05793,            0.068407,             0.96475,            0.053267,            0.073939,            0.043608,            0.044039,            0.034247,            0.052463,           0.0033313,           0.0033313,            0.070018
                   1,            0.049445,            0.050238,            0.047342,             0.71291,              0.2577,             0.25109,             0.14585,            0.040329,            0.032098,            0.033518,           0.0066646,           0.0066646,            0.040018
                   2,            0.048594,            0.049224,            0.034771,             0.63281,             0.35073,             0.34609,              0.1896,            0.040206,            0.031972,            0.025129,           0.0099976,           0.0099976,            0.010018
                   3,            0.047271,            0.049545,            0.029285,             0.62527,             0.40292,             0.41593,             0.24316,            0.038191,            0.031585,            0.019968,           0.0099992,           0.0099992,           0.0099992
                   4,             0.04602,            0.048643,            0.026043,              0.7071,             0.44269,             0.47522,             0.27972,            0.036957,            0.030795,            0.017494,           0.0099992,           0.0099992,           0.0099992
                   5,             0.04504,            0.048335,            0.024168,             0.67875,             0.45459,              0.4936,              0.2927,            0.036608,            0.030567,            0.016565,           0.0099986,           0.0099986,           0.0099986
                   6,            0.044565,            0.047852,            0.023124,             0.66314,             0.50614,             0.52551,             0.32129,            0.035388,             0.03034,            0.014822,           0.0099978,           0.0099978,           0.0099978
                   7,            0.044135,            0.047382,            0.022295,             0.71064,             0.48992,             0.53968,             0.32762,            0.035333,            0.029969,            0.014279,           0.0099968,           0.0099968,           0.0099968
                   8,            0.043747,            0.047329,            0.021541,             0.73605,             0.50929,             0.56227,             0.34463,            0.034556,            0.029501,            0.013474,           0.0099956,           0.0099956,           0.0099956
                   9,            0.043303,            0.047088,            0.021072,             0.71765,              0.5276,             0.58332,             0.36289,            0.034118,            0.029195,            0.013012,           0.0099943,           0.0099943,           0.0099943
                  10,            0.043101,            0.046945,            0.020347,             0.70281,             0.55591,             0.58966,             0.36945,            0.033767,            0.028676,            0.012493,           0.0099928,           0.0099928,           0.0099928
                  11,            0.042921,            0.046758,            0.020167,             0.74147,             0.53586,             0.60495,             0.38123,             0.03332,            0.028633,            0.012008,           0.0099911,           0.0099911,           0.0099911
                  12,             0.04269,            0.046577,            0.019836,             0.77509,             0.52562,              0.6076,             0.38663,            0.033284,            0.028768,            0.011744,           0.0099893,           0.0099893,           0.0099893
                  13,            0.042411,            0.046344,            0.019623,             0.73615,             0.56915,             0.61644,             0.39329,            0.032703,            0.028229,            0.011419,           0.0099872,           0.0099872,           0.0099872
                  14,            0.042237,            0.046181,             0.01928,             0.75329,             0.55696,             0.62825,             0.40136,            0.032535,            0.028135,            0.011227,            0.009985,            0.009985,            0.009985
                  15,            0.042057,             0.04643,            0.019178,             0.74345,             0.57889,              0.6389,             0.41764,            0.032159,             0.02777,            0.010833,           0.0099826,           0.0099826,           0.0099826
                  16,            0.042036,            0.046129,            0.018916,              0.7317,             0.58938,             0.63772,             0.41553,            0.032222,             0.02781,            0.010826,             0.00998,             0.00998,             0.00998
                  17,            0.041812,            0.045504,            0.018743,             0.75981,             0.56726,              0.6438,             0.42106,            0.031903,            0.027656,            0.010571,           0.0099773,           0.0099773,           0.0099773
                  18,            0.041812,            0.045818,            0.018643,             0.75654,             0.58915,             0.65727,             0.42867,             0.03171,            0.027467,            0.010437,           0.0099744,           0.0099744,           0.0099744
                  19,            0.041706,            0.045949,             0.01841,             0.76368,             0.58622,              0.6604,             0.43518,            0.031557,            0.027377,            0.010354,           0.0099713,           0.0099713,           0.0099713
                  20,            0.041572,            0.045961,            0.018141,             0.78265,             0.59404,             0.66908,             0.44257,             0.03128,             0.02716,            0.010113,            0.009968,            0.009968,            0.009968
                  21,            0.041565,            0.045812,            0.018072,             0.75939,             0.60995,              0.6699,             0.44722,            0.031211,            0.027001,           0.0098791,           0.0099645,           0.0099645,           0.0099645
                  22,            0.041605,            0.045731,            0.018055,              0.7595,             0.60599,             0.67344,             0.44575,             0.03098,            0.026888,           0.0097806,           0.0099609,           0.0099609,           0.0099609
                  23,            0.041391,            0.045617,            0.017827,             0.77439,             0.61282,             0.68037,             0.45015,            0.030897,            0.026845,           0.0096914,           0.0099571,           0.0099571,           0.0099571
                  24,            0.041432,            0.045131,            0.017797,             0.75302,              0.6249,             0.67954,             0.44938,            0.030778,            0.026795,           0.0095478,           0.0099531,           0.0099531,           0.0099531
                  25,            0.041442,            0.045554,             0.01779,             0.75013,             0.62264,             0.68275,             0.45363,            0.030748,            0.026753,           0.0094656,           0.0099489,           0.0099489,           0.0099489
                  26,            0.041195,            0.044904,            0.017665,             0.77465,             0.60339,             0.68498,             0.45561,            0.030676,            0.026694,           0.0094636,           0.0099446,           0.0099446,           0.0099446
                  27,            0.041103,            0.045526,            0.017464,              0.7899,             0.60072,             0.68959,              0.4595,            0.030549,            0.026643,           0.0093982,           0.0099401,           0.0099401,           0.0099401
                  28,            0.041122,            0.045475,            0.017433,             0.79146,             0.60746,             0.69427,             0.46383,            0.030472,            0.026597,           0.0093368,           0.0099354,           0.0099354,           0.0099354
                  29,            0.041197,            0.045405,            0.017497,             0.78639,             0.61885,             0.69796,             0.46781,             0.03044,            0.026546,            0.009303,           0.0099305,           0.0099305,           0.0099305
                  30,            0.041186,            0.045414,            0.017402,             0.80569,              0.6093,             0.70153,             0.47029,             0.03037,            0.026501,           0.0092081,           0.0099255,           0.0099255,           0.0099255
                  31,            0.040938,            0.045346,            0.017375,             0.78954,              0.6235,             0.70291,             0.47198,            0.030286,            0.026456,            0.009082,           0.0099203,           0.0099203,           0.0099203
                  32,            0.040728,            0.044643,            0.017142,              0.8152,             0.61308,             0.70654,             0.47688,            0.030223,            0.026404,           0.0089915,           0.0099149,           0.0099149,           0.0099149
                  33,            0.040947,            0.045042,            0.017176,             0.80842,             0.61848,             0.70888,              0.4779,            0.030153,            0.026342,           0.0089208,           0.0099093,           0.0099093,           0.0099093
                  34,            0.040703,            0.044909,             0.01702,             0.78797,             0.63758,             0.71159,             0.48025,             0.03012,            0.026315,           0.0088686,           0.0099036,           0.0099036,           0.0099036
                  35,            0.040897,            0.044676,            0.017054,             0.80714,             0.62412,              0.7141,             0.48194,            0.030085,            0.026288,           0.0088408,           0.0098977,           0.0098977,           0.0098977
                  36,            0.040952,            0.045655,            0.016976,             0.80509,              0.6241,             0.71455,             0.48304,            0.030051,            0.026268,           0.0088069,           0.0098916,           0.0098916,           0.0098916
                  37,            0.040706,            0.044947,            0.016939,             0.80822,             0.62304,             0.71477,             0.48321,            0.030013,            0.026234,           0.0087734,           0.0098854,           0.0098854,           0.0098854
                  38,            0.040689,            0.044964,             0.01671,             0.80621,             0.62481,             0.71614,             0.48454,            0.029976,            0.026207,           0.0087255,           0.0098789,           0.0098789,           0.0098789
                  39,            0.040683,            0.044756,            0.016916,             0.79707,             0.63105,             0.71739,             0.48586,            0.029935,            0.026188,           0.0086825,           0.0098723,           0.0098723,           0.0098723
                  40,            0.040574,            0.044911,            0.016712,             0.80244,               0.628,             0.71883,             0.48751,            0.029893,            0.026172,           0.0086503,           0.0098656,           0.0098656,           0.0098656
                  41,            0.040701,            0.044527,            0.016749,             0.78651,             0.64238,              0.7192,             0.48847,            0.029861,            0.026156,           0.0086159,           0.0098586,           0.0098586,           0.0098586
                  42,            0.040564,            0.044376,            0.016527,             0.79451,             0.63598,             0.71997,             0.48926,            0.029827,            0.026124,           0.0085793,           0.0098515,           0.0098515,           0.0098515
                  43,            0.040709,            0.044713,            0.016624,             0.79463,             0.63688,             0.72006,             0.48929,            0.029797,            0.026099,            0.008552,           0.0098442,           0.0098442,           0.0098442
                  44,            0.040604,            0.044825,            0.016632,             0.79911,             0.63477,             0.72077,             0.48943,            0.029777,            0.026081,           0.0085219,           0.0098368,           0.0098368,           0.0098368
                  45,            0.040625,            0.044682,            0.016634,             0.80428,             0.63108,             0.72175,             0.48895,            0.029749,            0.026054,           0.0084951,           0.0098291,           0.0098291,           0.0098291
                  46,            0.040462,            0.044615,            0.016536,             0.79664,             0.63883,             0.72247,             0.48956,            0.029726,            0.026027,           0.0084717,           0.0098213,           0.0098213,           0.0098213
                  47,             0.04042,            0.044724,            0.016535,             0.80105,             0.63658,             0.72212,             0.48981,            0.029707,            0.025998,           0.0084453,           0.0098133,           0.0098133,           0.0098133
                  48,            0.040478,            0.044921,            0.016395,             0.79807,             0.63853,             0.72293,             0.49064,            0.029692,            0.025981,           0.0084215,           0.0098052,           0.0098052,           0.0098052
                  49,            0.040436,            0.044629,            0.016338,             0.79637,             0.64035,             0.72344,             0.49111,            0.029681,             0.02596,           0.0084005,           0.0097969,           0.0097969,           0.0097969
                  50,            0.040471,            0.044621,             0.01641,             0.79517,             0.64158,              0.7239,              0.4923,            0.029669,            0.025939,            0.008381,           0.0097884,           0.0097884,           0.0097884
                  51,            0.040334,            0.044338,            0.016134,             0.79576,             0.64034,             0.72436,             0.49306,            0.029654,            0.025922,           0.0083532,           0.0097798,           0.0097798,           0.0097798
                  52,            0.040407,            0.044368,            0.016356,             0.79108,             0.64454,             0.72521,             0.49327,            0.029638,            0.025905,           0.0083307,           0.0097709,           0.0097709,           0.0097709
                  53,            0.040367,             0.04406,            0.016243,             0.79289,             0.64579,             0.72584,             0.49414,            0.029625,            0.025887,           0.0083093,           0.0097619,           0.0097619,           0.0097619
                  54,            0.040181,            0.044251,            0.016283,             0.79599,             0.64355,             0.72583,             0.49389,            0.029613,            0.025864,           0.0082886,           0.0097528,           0.0097528,           0.0097528
                  55,            0.040239,            0.044555,            0.016246,             0.80018,             0.64194,             0.72709,             0.49497,            0.029602,            0.025848,           0.0082703,           0.0097435,           0.0097435,           0.0097435
                  56,            0.040311,             0.04428,            0.016173,              0.7848,             0.65299,             0.72778,             0.49527,            0.029589,            0.025827,           0.0082521,            0.009734,            0.009734,            0.009734
                  57,            0.040365,            0.044444,            0.016291,              0.8087,             0.63414,             0.72867,             0.49596,            0.029574,            0.025805,           0.0082333,           0.0097243,           0.0097243,           0.0097243
                  58,            0.040126,             0.04402,            0.016089,              0.7997,              0.6427,             0.72982,             0.49755,             0.02956,            0.025783,           0.0082224,           0.0097145,           0.0097145,           0.0097145
                  59,            0.040246,            0.044334,            0.016233,             0.79856,             0.64566,             0.73097,             0.49781,            0.029545,            0.025768,           0.0082056,           0.0097045,           0.0097045,           0.0097045
                  60,            0.040239,            0.044116,            0.016187,             0.79952,             0.64351,             0.73105,             0.49832,            0.029534,             0.02575,           0.0081915,           0.0096943,           0.0096943,           0.0096943
                  61,             0.04022,            0.044291,            0.016097,             0.78967,             0.65036,              0.7323,             0.49958,             0.02952,            0.025726,            0.008186,            0.009684,            0.009684,            0.009684
                  62,            0.040079,             0.04433,             0.01604,             0.80403,             0.63998,             0.73373,             0.49965,            0.029509,            0.025721,           0.0081702,           0.0096735,           0.0096735,           0.0096735
                  63,            0.040226,            0.044466,            0.015942,             0.79991,             0.64383,             0.73454,             0.50021,            0.029495,            0.025702,           0.0081544,           0.0096628,           0.0096628,           0.0096628
                  64,            0.040113,            0.044193,            0.015856,             0.73106,             0.69232,             0.73534,             0.50157,            0.029483,            0.025684,           0.0081367,            0.009652,            0.009652,            0.009652
                  65,            0.040078,            0.044521,             0.01616,             0.76904,             0.66765,             0.73583,             0.50175,            0.029469,            0.025671,           0.0081188,            0.009641,            0.009641,            0.009641
                  66,            0.040127,            0.044532,             0.01592,             0.77545,             0.66463,             0.73704,             0.50283,            0.029457,            0.025657,           0.0081009,           0.0096299,           0.0096299,           0.0096299
                  67,            0.040155,             0.04439,            0.015879,             0.77519,             0.66724,             0.73839,             0.50375,            0.029442,            0.025645,           0.0080837,           0.0096186,           0.0096186,           0.0096186
                  68,            0.040042,            0.044434,            0.015889,             0.77296,              0.6699,             0.73808,             0.50327,            0.029425,            0.025629,           0.0080624,           0.0096071,           0.0096071,           0.0096071
                  69,            0.040031,             0.04438,            0.015814,             0.79103,             0.65839,             0.73822,              0.5037,            0.029414,            0.025616,           0.0080447,           0.0095955,           0.0095955,           0.0095955
                  70,            0.039889,            0.043621,            0.015694,             0.78611,             0.66458,             0.73916,             0.50381,            0.029399,            0.025603,           0.0080236,           0.0095837,           0.0095837,           0.0095837
                  71,            0.039795,            0.044149,            0.015768,              0.7918,             0.66195,             0.74081,             0.50407,            0.029387,            0.025586,            0.008005,           0.0095717,           0.0095717,           0.0095717
                  72,            0.039974,            0.044398,            0.015767,             0.79565,             0.65971,             0.74071,             0.50468,            0.029373,            0.025571,             0.00799,           0.0095596,           0.0095596,           0.0095596
                  73,            0.039949,            0.044406,            0.015797,             0.78963,             0.66574,             0.74223,             0.50628,            0.029361,            0.025556,           0.0079695,           0.0095473,           0.0095473,           0.0095473
                  74,            0.039984,            0.044254,            0.015825,             0.79671,              0.6614,              0.7436,             0.50676,            0.029347,            0.025543,           0.0079508,           0.0095349,           0.0095349,           0.0095349
                  75,            0.040019,            0.044113,            0.015768,             0.79737,             0.66191,             0.74424,             0.50706,            0.029337,            0.025522,           0.0079303,           0.0095223,           0.0095223,           0.0095223
                  76,            0.039865,            0.044032,               0.016,             0.78935,             0.66827,             0.74448,              0.5077,            0.029323,            0.025506,           0.0079106,           0.0095095,           0.0095095,           0.0095095
                  77,            0.039919,            0.043994,            0.015813,             0.80161,              0.6584,             0.74494,             0.50805,            0.029309,            0.025493,            0.007895,           0.0094966,           0.0094966,           0.0094966
                  78,            0.039854,            0.043925,            0.015773,             0.80448,              0.6588,             0.74619,             0.50952,              0.0293,            0.025476,           0.0078784,           0.0094835,           0.0094835,           0.0094835
                  79,            0.039946,            0.044297,            0.015766,             0.80456,             0.65852,             0.74792,             0.51008,            0.029285,            0.025457,             0.00786,           0.0094703,           0.0094703,           0.0094703
                  80,             0.03986,            0.044432,            0.015775,             0.80769,             0.65602,             0.74811,             0.51125,            0.029274,            0.025439,           0.0078416,           0.0094569,           0.0094569,           0.0094569
                  81,            0.039871,            0.044011,              0.0158,             0.77482,             0.67761,             0.74851,             0.51112,            0.029262,            0.025427,           0.0078224,           0.0094434,           0.0094434,           0.0094434
                  82,            0.039814,            0.044208,            0.015527,             0.77906,             0.67802,             0.74769,             0.51176,            0.029245,            0.025415,           0.0078026,           0.0094297,           0.0094297,           0.0094297
                  83,            0.039632,            0.044088,            0.015522,             0.80621,             0.65688,             0.74891,             0.51297,            0.029229,              0.0254,            0.007787,           0.0094158,           0.0094158,           0.0094158
                  84,            0.039742,            0.043762,            0.015589,             0.81221,             0.65549,             0.74941,             0.51269,            0.029211,            0.025382,           0.0077668,           0.0094018,           0.0094018,           0.0094018
                  85,            0.039849,            0.043602,            0.015671,             0.80398,             0.66292,             0.75019,             0.51332,            0.029198,            0.025368,           0.0077515,           0.0093877,           0.0093877,           0.0093877
                  86,            0.039676,            0.043944,            0.015379,              0.8069,             0.66314,             0.75041,             0.51392,            0.029179,            0.025355,           0.0077316,           0.0093733,           0.0093733,           0.0093733
                  87,            0.039894,            0.044117,            0.015578,             0.80366,             0.66514,             0.75079,             0.51412,            0.029161,            0.025336,           0.0077172,           0.0093589,           0.0093589,           0.0093589
                  88,            0.039843,            0.044079,            0.015686,             0.80491,             0.66458,             0.75034,             0.51438,            0.029148,            0.025316,           0.0076998,           0.0093442,           0.0093442,           0.0093442
                  89,            0.039555,            0.043835,            0.015581,             0.80584,             0.66438,              0.7507,             0.51465,            0.029133,            0.025291,            0.007686,           0.0093295,           0.0093295,           0.0093295
                  90,            0.039738,            0.043806,            0.015439,             0.75024,             0.69969,             0.75048,             0.51534,            0.029119,            0.025275,           0.0076734,           0.0093146,           0.0093146,           0.0093146
                  91,            0.039799,             0.04402,            0.015554,             0.79615,             0.67169,             0.75199,             0.51627,            0.029107,            0.025263,           0.0076573,           0.0092995,           0.0092995,           0.0092995
                  92,            0.039741,            0.044118,            0.015718,             0.74443,             0.70852,             0.75112,             0.51632,            0.029094,            0.025256,           0.0076409,           0.0092843,           0.0092843,           0.0092843
                  93,            0.039686,            0.043661,            0.015578,             0.79949,             0.67381,             0.75273,             0.51703,            0.029081,            0.025243,           0.0076215,           0.0092689,           0.0092689,           0.0092689
                  94,              0.0396,            0.044004,             0.01538,              0.7477,             0.70595,             0.75297,             0.51755,            0.029068,            0.025227,           0.0076065,           0.0092534,           0.0092534,           0.0092534
                  95,             0.03961,            0.043866,             0.01552,             0.80964,             0.67024,              0.7545,             0.51789,            0.029053,            0.025213,           0.0075934,           0.0092377,           0.0092377,           0.0092377
                  96,            0.039599,            0.043787,            0.015285,             0.71137,             0.71132,             0.75492,             0.51843,             0.02904,            0.025196,           0.0075791,           0.0092219,           0.0092219,           0.0092219
                  97,            0.039563,            0.043778,            0.015266,             0.71206,             0.71196,             0.75513,             0.51889,            0.029027,            0.025185,           0.0075666,           0.0092059,           0.0092059,           0.0092059
                  98,            0.039742,            0.044181,            0.015388,             0.72373,               0.704,             0.75549,             0.51938,            0.029015,            0.025174,            0.007559,           0.0091898,           0.0091898,           0.0091898
                  99,            0.039618,            0.043701,            0.015411,             0.72424,             0.70542,              0.7559,             0.51959,            0.029007,            0.025162,            0.007549,           0.0091735,           0.0091735,           0.0091735
                 100,            0.039568,            0.043743,            0.015335,             0.71162,             0.71638,             0.75616,              0.5195,            0.028998,            0.025148,           0.0075369,           0.0091571,           0.0091571,           0.0091571
                 101,            0.039595,            0.043573,            0.015376,             0.77976,             0.69367,             0.75692,             0.52041,            0.028985,            0.025134,           0.0075246,           0.0091406,           0.0091406,           0.0091406
                 102,            0.039613,            0.044137,            0.015348,             0.74717,              0.6959,             0.75721,             0.52096,            0.028973,             0.02512,            0.007516,           0.0091239,           0.0091239,           0.0091239
                 103,            0.039577,            0.044089,            0.015401,             0.74658,             0.69645,             0.75762,             0.52141,             0.02896,            0.025105,           0.0074991,           0.0091071,           0.0091071,           0.0091071
                 104,            0.039437,            0.043783,            0.015226,             0.75529,             0.69032,             0.75797,             0.52217,            0.028947,            0.025086,            0.007486,           0.0090901,           0.0090901,           0.0090901
                 105,            0.039493,             0.04394,            0.015398,             0.76143,             0.68687,             0.75823,             0.52244,            0.028939,            0.025074,           0.0074745,            0.009073,            0.009073,            0.009073
                 106,            0.039556,             0.04402,            0.015277,             0.73013,             0.71413,             0.75788,             0.52303,            0.028931,             0.02506,           0.0074562,           0.0090557,           0.0090557,           0.0090557
                 107,            0.039544,            0.043539,            0.015316,             0.76307,             0.68984,             0.75826,             0.52362,             0.02892,            0.025049,           0.0074406,           0.0090383,           0.0090383,           0.0090383
                 108,            0.039578,            0.043805,            0.015198,             0.75569,             0.69712,             0.75899,             0.52456,            0.028907,            0.025036,           0.0074246,           0.0090208,           0.0090208,           0.0090208
                 109,            0.039325,            0.043389,            0.015162,             0.75795,             0.69974,             0.75918,             0.52461,            0.028895,            0.025024,            0.007412,           0.0090031,           0.0090031,           0.0090031
                 110,            0.039539,            0.043811,            0.015157,             0.75634,             0.70168,             0.76102,             0.52561,            0.028885,            0.025008,           0.0073989,           0.0089853,           0.0089853,           0.0089853
                 111,            0.039407,            0.043629,            0.015243,             0.78001,             0.69237,             0.76125,             0.52552,            0.028875,            0.024993,           0.0073866,           0.0089673,           0.0089673,           0.0089673
                 112,            0.039353,            0.043781,            0.015011,              0.7774,             0.69311,             0.76143,             0.52587,            0.028866,            0.024978,           0.0073774,           0.0089492,           0.0089492,           0.0089492
                 113,            0.039356,             0.04338,            0.015189,             0.78064,              0.6924,             0.76185,             0.52658,             0.02886,            0.024967,           0.0073648,            0.008931,            0.008931,            0.008931
                 114,            0.039304,            0.043236,            0.015236,             0.76431,             0.69804,              0.7623,             0.52761,            0.028851,            0.024955,           0.0073527,           0.0089126,           0.0089126,           0.0089126
                 115,            0.039267,            0.043498,             0.01521,             0.76278,             0.69626,             0.76239,              0.5262,            0.028839,            0.024946,            0.007342,           0.0088941,           0.0088941,           0.0088941
                 116,            0.039233,            0.043521,            0.015208,             0.76472,             0.69626,             0.76372,             0.52697,            0.028826,            0.024938,           0.0073316,           0.0088755,           0.0088755,           0.0088755
                 117,            0.039366,            0.043954,            0.015127,              0.7652,             0.69607,             0.76371,              0.5271,            0.028812,            0.024928,           0.0073212,           0.0088567,           0.0088567,           0.0088567
                 118,            0.039487,            0.043623,            0.015264,             0.78471,              0.6871,             0.76421,             0.52786,            0.028803,            0.024917,           0.0073079,           0.0088378,           0.0088378,           0.0088378
                 119,            0.039273,            0.043379,            0.015179,             0.79986,              0.6821,             0.76449,             0.52848,            0.028794,            0.024911,           0.0072987,           0.0088188,           0.0088188,           0.0088188
                 120,            0.039376,            0.043704,              0.0152,             0.77297,             0.69302,             0.76427,             0.52843,            0.028782,              0.0249,           0.0072868,           0.0087996,           0.0087996,           0.0087996
                 121,            0.039305,            0.043731,            0.015127,             0.77358,             0.69372,             0.76499,             0.52995,            0.028768,            0.024884,           0.0072733,           0.0087804,           0.0087804,           0.0087804
                 122,            0.039413,            0.043653,            0.014988,             0.77215,             0.69668,             0.76579,             0.53056,            0.028757,            0.024874,           0.0072614,           0.0087609,           0.0087609,           0.0087609
                 123,             0.03941,            0.043895,            0.015163,             0.78065,             0.69298,             0.76593,             0.53059,            0.028746,            0.024861,           0.0072496,           0.0087414,           0.0087414,           0.0087414
                 124,            0.039314,            0.043705,            0.014996,             0.78072,             0.69118,             0.76589,             0.53093,            0.028736,            0.024852,           0.0072356,           0.0087217,           0.0087217,           0.0087217
                 125,            0.039127,            0.043484,            0.014995,              0.7788,             0.69207,             0.76671,             0.53137,            0.028725,            0.024841,           0.0072201,           0.0087019,           0.0087019,           0.0087019
                 126,            0.039236,            0.043174,            0.014997,             0.78031,             0.69173,             0.76735,               0.532,            0.028714,             0.02483,           0.0072062,            0.008682,            0.008682,            0.008682
                 127,            0.039348,            0.043408,            0.015083,             0.77393,             0.69581,             0.76674,             0.53183,            0.028704,            0.024823,           0.0071889,           0.0086619,           0.0086619,           0.0086619
                 128,            0.039147,             0.04364,            0.014873,             0.77805,             0.69536,             0.76789,             0.53283,            0.028691,            0.024812,           0.0071744,           0.0086417,           0.0086417,           0.0086417
                 129,            0.039354,            0.043251,            0.014906,             0.76469,              0.7049,             0.76783,             0.53314,            0.028676,            0.024802,           0.0071578,           0.0086214,           0.0086214,           0.0086214
                 130,            0.039159,             0.04334,            0.014918,             0.78133,              0.6931,             0.76782,             0.53433,            0.028662,            0.024788,           0.0071435,            0.008601,            0.008601,            0.008601
                 131,            0.039182,            0.043583,            0.014986,             0.78046,             0.69436,             0.76861,             0.53333,            0.028653,            0.024778,           0.0071303,           0.0085805,           0.0085805,           0.0085805
                 132,            0.039186,            0.043651,            0.014992,             0.79457,             0.68697,             0.76995,             0.53537,            0.028639,            0.024767,           0.0071102,           0.0085598,           0.0085598,           0.0085598
                 133,            0.039189,             0.04356,            0.014929,              0.7947,             0.68786,             0.77034,             0.53532,            0.028627,             0.02476,           0.0070923,            0.008539,            0.008539,            0.008539
                 134,             0.03905,            0.043607,            0.014804,             0.79744,             0.68642,              0.7709,             0.53594,            0.028615,            0.024753,           0.0070792,           0.0085181,           0.0085181,           0.0085181
                 135,            0.038968,            0.043511,            0.014813,               0.792,             0.68976,             0.77061,             0.53627,            0.028603,            0.024745,           0.0070626,           0.0084971,           0.0084971,           0.0084971
                 136,            0.039142,            0.043484,            0.014788,             0.79888,             0.68508,             0.77118,             0.53699,            0.028587,            0.024731,           0.0070502,           0.0084759,           0.0084759,           0.0084759
                 137,            0.039209,            0.043464,            0.014966,             0.79695,              0.6868,             0.77144,             0.53755,            0.028574,            0.024718,           0.0070417,           0.0084546,           0.0084546,           0.0084546
                 138,            0.039062,            0.043705,            0.014756,             0.78746,             0.69255,             0.77238,             0.53759,            0.028561,            0.024707,            0.007029,           0.0084333,           0.0084333,           0.0084333
                 139,            0.039004,            0.043709,            0.014685,             0.78498,             0.69679,             0.77245,             0.53708,            0.028543,            0.024691,           0.0070126,           0.0084118,           0.0084118,           0.0084118
                 140,            0.039021,             0.04374,            0.014786,             0.78421,             0.69879,             0.77318,             0.53746,            0.028523,            0.024677,           0.0069985,           0.0083901,           0.0083901,           0.0083901
                 141,            0.038846,            0.043192,            0.014832,             0.78117,             0.70372,             0.77312,             0.53725,            0.028507,            0.024665,            0.006985,           0.0083684,           0.0083684,           0.0083684
                 142,            0.039002,            0.043433,            0.014945,             0.78835,             0.69779,             0.77392,             0.53784,            0.028493,            0.024651,           0.0069704,           0.0083466,           0.0083466,           0.0083466
                 143,            0.039093,            0.043581,            0.014852,             0.77896,             0.70629,             0.77485,             0.53821,            0.028486,            0.024639,            0.006953,           0.0083246,           0.0083246,           0.0083246
                 144,             0.03899,            0.043092,            0.014866,             0.79919,              0.6936,             0.77542,              0.5387,            0.028479,            0.024627,           0.0069366,           0.0083025,           0.0083025,           0.0083025
                 145,            0.038931,            0.043322,            0.014744,             0.79987,             0.69372,             0.77636,             0.53954,            0.028467,            0.024613,           0.0069207,           0.0082804,           0.0082804,           0.0082804
                 146,            0.038852,            0.043098,            0.014793,             0.80388,             0.69159,             0.77677,             0.53981,            0.028457,            0.024603,           0.0069106,           0.0082581,           0.0082581,           0.0082581
                 147,            0.038982,            0.043411,            0.014703,             0.80347,              0.6922,             0.77695,             0.54037,            0.028442,            0.024591,           0.0069006,           0.0082357,           0.0082357,           0.0082357
                 148,            0.039004,            0.043341,            0.014719,             0.79713,             0.70243,             0.77948,             0.54064,            0.028431,            0.024581,           0.0068897,           0.0082132,           0.0082132,           0.0082132
                 149,            0.038891,            0.043349,             0.01457,             0.79498,             0.70341,               0.779,             0.54076,            0.028422,            0.024569,           0.0068768,           0.0081906,           0.0081906,           0.0081906
                 150,            0.038851,            0.043449,            0.014738,             0.79592,             0.70569,             0.78007,             0.54225,            0.028411,            0.024559,            0.006865,           0.0081679,           0.0081679,           0.0081679
                 151,            0.038906,            0.043258,            0.014732,             0.79884,             0.70476,             0.78075,             0.54273,            0.028406,            0.024549,           0.0068516,            0.008145,            0.008145,            0.008145
                 152,            0.038761,            0.043221,            0.014594,             0.80306,             0.70084,             0.78136,             0.54291,            0.028399,            0.024537,           0.0068398,           0.0081221,           0.0081221,           0.0081221
                 153,            0.039056,            0.042893,            0.014931,             0.79851,              0.7033,             0.78156,             0.54309,            0.028392,            0.024522,           0.0068273,           0.0080991,           0.0080991,           0.0080991
                 154,            0.038948,            0.043308,            0.014705,             0.79095,             0.70669,             0.78203,             0.54366,            0.028386,            0.024508,           0.0068176,           0.0080759,           0.0080759,           0.0080759
                 155,            0.038837,            0.043102,            0.014554,             0.78688,              0.7087,             0.78237,             0.54454,             0.02838,            0.024495,           0.0068126,           0.0080527,           0.0080527,           0.0080527
                 156,            0.038829,            0.043195,            0.014563,             0.79241,             0.70603,             0.78253,             0.54495,            0.028374,            0.024485,           0.0068003,           0.0080294,           0.0080294,           0.0080294
                 157,            0.038771,            0.043525,            0.014678,             0.77107,             0.72105,             0.78333,             0.54523,            0.028368,            0.024478,            0.006789,           0.0080059,           0.0080059,           0.0080059
                 158,            0.038786,            0.043054,            0.014734,             0.78721,             0.71072,             0.78359,             0.54586,             0.02836,            0.024467,           0.0067774,           0.0079824,           0.0079824,           0.0079824
                 159,            0.038694,            0.043299,            0.014484,             0.78809,              0.7113,             0.78342,              0.5461,            0.028348,            0.024454,           0.0067661,           0.0079588,           0.0079588,           0.0079588
                 160,            0.038742,            0.043231,            0.014476,             0.78478,             0.70981,             0.78547,             0.54651,            0.028338,            0.024442,           0.0067483,            0.007935,            0.007935,            0.007935
                 161,            0.038715,            0.042899,             0.01456,             0.78356,             0.71073,             0.78594,             0.54677,            0.028329,            0.024431,           0.0067332,           0.0079112,           0.0079112,           0.0079112
                 162,            0.038681,            0.043075,             0.01452,             0.78789,             0.71022,             0.78617,              0.5467,            0.028321,            0.024425,           0.0067222,           0.0078873,           0.0078873,           0.0078873
                 163,            0.038597,             0.04278,            0.014558,             0.78798,             0.71034,             0.78494,             0.54744,            0.028314,            0.024414,           0.0067106,           0.0078633,           0.0078633,           0.0078633
                 164,            0.038397,            0.043075,            0.014361,             0.78724,             0.71204,             0.78528,              0.5478,            0.028306,            0.024403,           0.0066961,           0.0078392,           0.0078392,           0.0078392
                 165,            0.038567,            0.043101,            0.014526,              0.7853,             0.71175,             0.78626,             0.54872,            0.028298,            0.024397,           0.0066809,            0.007815,            0.007815,            0.007815
                 166,            0.038718,            0.043367,            0.014591,             0.80438,             0.70062,             0.78629,             0.54869,            0.028291,            0.024388,           0.0066705,           0.0077907,           0.0077907,           0.0077907
                 167,            0.038669,            0.043163,             0.01446,             0.80615,             0.69979,              0.7866,             0.54887,            0.028282,            0.024382,           0.0066578,           0.0077663,           0.0077663,           0.0077663
                 168,            0.038449,            0.043288,             0.01441,             0.79579,             0.70704,             0.78641,             0.54906,            0.028273,            0.024374,           0.0066472,           0.0077418,           0.0077418,           0.0077418
                 169,            0.038769,            0.043063,            0.014602,             0.79775,             0.70949,             0.78683,             0.54978,            0.028265,            0.024369,           0.0066373,           0.0077173,           0.0077173,           0.0077173
                 170,            0.038628,            0.043027,            0.014389,             0.80218,             0.70612,             0.78757,             0.55016,            0.028258,            0.024361,           0.0066234,           0.0076926,           0.0076926,           0.0076926
                 171,            0.038689,            0.042865,            0.014575,             0.80031,             0.70872,             0.78922,              0.5504,            0.028249,            0.024353,           0.0066127,           0.0076679,           0.0076679,           0.0076679
                 172,            0.038415,            0.043206,            0.014311,             0.79565,              0.7067,              0.7887,             0.54965,            0.028242,            0.024341,            0.006602,           0.0076431,           0.0076431,           0.0076431
                 173,            0.038495,            0.042673,            0.014514,              0.7701,             0.72564,             0.78949,             0.55064,            0.028235,            0.024332,           0.0065903,           0.0076182,           0.0076182,           0.0076182
                 174,            0.038552,            0.042863,            0.014551,             0.79909,             0.71183,             0.79184,             0.55204,            0.028229,            0.024322,           0.0065772,           0.0075932,           0.0075932,           0.0075932
                 175,            0.038635,            0.043004,            0.014439,             0.79998,             0.71186,             0.79147,             0.55202,            0.028225,            0.024316,            0.006565,           0.0075681,           0.0075681,           0.0075681
                 176,             0.03844,            0.042379,            0.014384,             0.77571,             0.73309,             0.79235,             0.55188,            0.028215,            0.024309,           0.0065494,            0.007543,            0.007543,            0.007543
                 177,            0.038472,            0.042971,            0.014225,             0.78074,             0.73527,             0.79362,             0.55306,            0.028207,            0.024305,           0.0065365,           0.0075177,           0.0075177,           0.0075177
                 178,            0.038597,            0.042774,            0.014433,             0.77389,             0.73577,             0.79423,             0.55323,            0.028202,            0.024303,           0.0065225,           0.0074924,           0.0074924,           0.0074924
                 179,            0.038529,            0.043167,            0.014212,             0.77704,             0.73401,             0.79445,             0.55296,            0.028196,            0.024292,           0.0065116,            0.007467,            0.007467,            0.007467
                 180,            0.038456,            0.042679,            0.014233,             0.77744,             0.73355,             0.79449,             0.55285,            0.028184,            0.024283,           0.0065009,           0.0074416,           0.0074416,           0.0074416
                 181,            0.038519,            0.042865,            0.014224,             0.77665,             0.73574,             0.79524,             0.55437,            0.028175,            0.024269,            0.006488,            0.007416,            0.007416,            0.007416
                 182,            0.038407,            0.042928,            0.014298,             0.78147,             0.73304,             0.79619,             0.55503,            0.028162,            0.024259,           0.0064767,           0.0073904,           0.0073904,           0.0073904
                 183,             0.03828,            0.042604,            0.014064,             0.78003,             0.73486,             0.79684,             0.55587,            0.028149,            0.024249,           0.0064649,           0.0073647,           0.0073647,           0.0073647
                 184,            0.038411,            0.043029,            0.014126,             0.77683,             0.73905,             0.79777,             0.55606,            0.028141,            0.024243,           0.0064508,           0.0073389,           0.0073389,           0.0073389
                 185,            0.038426,            0.043109,            0.014267,             0.77715,             0.73603,             0.79737,             0.55578,            0.028131,            0.024232,           0.0064405,           0.0073131,           0.0073131,           0.0073131
                 186,            0.038418,            0.042775,            0.014223,             0.77261,             0.74127,             0.79745,             0.55589,            0.028121,            0.024222,           0.0064376,           0.0072872,           0.0072872,           0.0072872
                 187,            0.038346,            0.042812,             0.01423,             0.77077,             0.74262,             0.79773,             0.55518,            0.028112,            0.024214,            0.006427,           0.0072612,           0.0072612,           0.0072612
                 188,            0.038503,            0.042775,            0.014353,             0.76935,             0.74465,             0.79781,             0.55531,            0.028103,            0.024205,           0.0064174,           0.0072351,           0.0072351,           0.0072351
                 189,            0.038295,            0.042803,            0.014206,              0.7678,             0.74752,             0.79859,             0.55525,            0.028091,            0.024195,           0.0064017,            0.007209,            0.007209,            0.007209
                 190,            0.038218,            0.042873,            0.014098,             0.76954,             0.74795,             0.79918,             0.55576,            0.028082,            0.024185,           0.0063911,           0.0071828,           0.0071828,           0.0071828
                 191,             0.03831,             0.04245,            0.014273,             0.76193,             0.75402,             0.80061,             0.55682,            0.028072,            0.024171,           0.0063814,           0.0071566,           0.0071566,           0.0071566
                 192,            0.038208,            0.042709,             0.01431,             0.77997,             0.74155,             0.80089,             0.55658,            0.028063,            0.024163,           0.0063728,           0.0071302,           0.0071302,           0.0071302
                 193,            0.038235,             0.04263,            0.014061,             0.77322,             0.74608,             0.80104,             0.55741,            0.028051,            0.024149,           0.0063629,           0.0071039,           0.0071039,           0.0071039
                 194,            0.038233,             0.04256,            0.014144,             0.76955,             0.74897,             0.80182,             0.55879,            0.028041,            0.024137,           0.0063604,           0.0070774,           0.0070774,           0.0070774
                 195,            0.038311,            0.042664,            0.014164,             0.76661,             0.75172,             0.80268,             0.55929,            0.028027,            0.024127,           0.0063522,           0.0070509,           0.0070509,           0.0070509
                 196,            0.038122,            0.042544,            0.014137,              0.7639,             0.75713,             0.80283,             0.55926,            0.028016,            0.024115,           0.0063423,           0.0070243,           0.0070243,           0.0070243
                 197,            0.038092,            0.042676,            0.014071,             0.77366,             0.75174,             0.80362,             0.55944,            0.028009,            0.024104,           0.0063341,           0.0069977,           0.0069977,           0.0069977
                 198,             0.03819,            0.042826,            0.013906,             0.76752,             0.75702,             0.80353,             0.55954,            0.028002,            0.024096,           0.0063213,            0.006971,            0.006971,            0.006971
                 199,            0.038073,            0.043058,            0.013845,             0.76609,             0.75582,             0.80281,             0.55939,            0.027995,             0.02409,           0.0063128,           0.0069442,           0.0069442,           0.0069442
                 200,            0.038154,            0.042566,            0.014085,             0.76066,               0.758,             0.80301,             0.56001,            0.027984,            0.024082,           0.0063023,           0.0069174,           0.0069174,           0.0069174
                 201,            0.038081,            0.042216,            0.013974,             0.77264,              0.7497,             0.80479,             0.56076,            0.027976,            0.024067,           0.0062968,           0.0068906,           0.0068906,           0.0068906
                 202,            0.038265,            0.042573,            0.013947,              0.7729,             0.74874,              0.8051,             0.56127,            0.027967,            0.024061,           0.0062887,           0.0068637,           0.0068637,           0.0068637
                 203,            0.038137,              0.0423,            0.013964,             0.74999,             0.76695,             0.80561,             0.56184,            0.027957,            0.024053,           0.0062814,           0.0068367,           0.0068367,           0.0068367
                 204,            0.038027,            0.042342,            0.013975,             0.77621,             0.74919,             0.80581,             0.56177,            0.027946,            0.024045,           0.0062751,           0.0068097,           0.0068097,           0.0068097
                 205,            0.037906,            0.042428,            0.013996,             0.78408,             0.74382,             0.80626,             0.56253,            0.027933,            0.024037,           0.0062619,           0.0067826,           0.0067826,           0.0067826
                 206,            0.037941,             0.04242,            0.013969,              0.7921,             0.74476,             0.80692,             0.56354,            0.027922,            0.024025,           0.0062552,           0.0067555,           0.0067555,           0.0067555
                 207,            0.038153,             0.04252,            0.013998,             0.78962,             0.74754,             0.80733,             0.56342,            0.027911,            0.024012,           0.0062447,           0.0067283,           0.0067283,           0.0067283
                 208,            0.038035,            0.042453,            0.014058,             0.78949,             0.74481,             0.80689,             0.56383,            0.027898,            0.024006,           0.0062364,           0.0067011,           0.0067011,           0.0067011
                 209,            0.037987,            0.042556,            0.013743,             0.78621,             0.74347,             0.80724,             0.56442,            0.027885,            0.023996,           0.0062283,           0.0066738,           0.0066738,           0.0066738
                 210,            0.038109,            0.042683,            0.013819,             0.77943,             0.74858,              0.8067,              0.5647,            0.027874,            0.023993,           0.0062145,           0.0066465,           0.0066465,           0.0066465
                 211,            0.038012,            0.042429,            0.014024,             0.80909,             0.72519,             0.80707,             0.56506,            0.027863,            0.023989,            0.006207,           0.0066191,           0.0066191,           0.0066191
                 212,            0.037919,            0.042284,            0.013785,             0.78114,             0.74935,             0.80734,             0.56547,            0.027851,            0.023978,           0.0061968,           0.0065917,           0.0065917,           0.0065917
                 213,            0.037876,            0.042397,            0.013722,             0.78244,             0.74909,             0.80808,             0.56577,            0.027842,            0.023962,           0.0061906,           0.0065642,           0.0065642,           0.0065642
                 214,            0.037926,            0.042385,            0.013851,             0.78392,             0.75012,             0.80876,             0.56642,            0.027828,            0.023952,           0.0061811,           0.0065368,           0.0065368,           0.0065368
                 215,             0.03784,            0.042459,            0.013925,             0.81296,              0.7252,             0.80951,             0.56691,            0.027816,            0.023942,           0.0061698,           0.0065092,           0.0065092,           0.0065092
                 216,            0.037914,             0.04231,            0.013934,             0.80651,             0.73021,             0.81032,             0.56676,            0.027805,            0.023933,           0.0061602,           0.0064816,           0.0064816,           0.0064816
                 217,            0.037935,            0.042465,            0.013931,             0.82063,             0.72134,             0.81072,             0.56734,            0.027796,            0.023923,           0.0061496,            0.006454,            0.006454,            0.006454
                 218,            0.037949,             0.04248,            0.013742,             0.82596,             0.71941,             0.81156,             0.56856,            0.027787,            0.023913,           0.0061431,           0.0064264,           0.0064264,           0.0064264
                 219,            0.037903,            0.042461,            0.013684,             0.79258,             0.74897,             0.81199,             0.56944,            0.027781,            0.023906,           0.0061334,           0.0063987,           0.0063987,           0.0063987
                 220,            0.037889,            0.042607,            0.013762,             0.79741,             0.74595,             0.81237,             0.56959,            0.027774,            0.023894,           0.0061269,            0.006371,            0.006371,            0.006371
                 221,            0.037847,            0.042843,            0.013766,             0.79032,             0.75167,             0.81234,             0.57058,            0.027765,            0.023887,           0.0061214,           0.0063432,           0.0063432,           0.0063432
                 222,            0.037853,            0.041887,            0.013756,             0.78971,             0.75411,             0.81271,             0.57124,            0.027757,            0.023878,           0.0061141,           0.0063154,           0.0063154,           0.0063154
                 223,            0.037878,            0.042576,            0.013747,             0.79012,             0.75393,             0.81289,             0.57146,            0.027748,            0.023868,           0.0061022,           0.0062876,           0.0062876,           0.0062876
                 224,            0.037875,            0.042365,            0.013753,             0.78927,             0.74778,             0.81314,             0.57158,            0.027741,            0.023861,           0.0060922,           0.0062598,           0.0062598,           0.0062598
                 225,            0.037755,             0.04202,            0.013737,             0.78463,             0.75139,             0.81357,             0.57141,            0.027733,            0.023847,           0.0060866,           0.0062319,           0.0062319,           0.0062319
                 226,            0.037662,            0.042318,              0.0136,             0.78434,             0.75328,             0.81448,             0.57288,            0.027724,            0.023832,            0.006078,            0.006204,            0.006204,            0.006204
                 227,            0.037697,            0.042362,            0.013553,             0.77111,              0.7638,             0.81488,             0.57332,            0.027717,            0.023821,           0.0060703,            0.006176,            0.006176,            0.006176
                 228,            0.037661,            0.042406,            0.013639,             0.77218,             0.76401,             0.81597,             0.57354,            0.027706,            0.023811,           0.0060647,            0.006148,            0.006148,            0.006148
                 229,             0.03745,            0.041971,            0.013833,             0.77312,             0.76332,               0.816,             0.57347,            0.027696,            0.023803,           0.0060561,           0.0061201,           0.0061201,           0.0061201
                 230,            0.037714,            0.042165,            0.013624,             0.77148,             0.76791,             0.81648,             0.57411,            0.027685,            0.023792,           0.0060497,            0.006092,            0.006092,            0.006092
                 231,            0.037711,            0.042063,            0.013418,             0.77919,             0.76457,             0.81659,             0.57411,            0.027675,             0.02378,           0.0060385,            0.006064,            0.006064,            0.006064
                 232,            0.037784,            0.042099,            0.013755,             0.77893,             0.76634,              0.8173,             0.57453,            0.027669,            0.023765,           0.0060279,           0.0060359,           0.0060359,           0.0060359
                 233,            0.037641,            0.042033,            0.013571,             0.78139,             0.76446,             0.81807,              0.5751,            0.027664,            0.023759,           0.0060163,           0.0060079,           0.0060079,           0.0060079
                 234,            0.037384,            0.042097,            0.013539,             0.77182,             0.77258,             0.81806,             0.57574,            0.027653,            0.023748,           0.0060037,           0.0059798,           0.0059798,           0.0059798
                 235,            0.037625,            0.041961,            0.013651,             0.76937,             0.77562,             0.81851,             0.57657,            0.027644,            0.023738,            0.005993,           0.0059516,           0.0059516,           0.0059516
                 236,            0.037603,            0.041976,            0.013437,             0.76537,             0.77569,             0.81759,             0.57698,            0.027639,             0.02373,           0.0059851,           0.0059235,           0.0059235,           0.0059235
                 237,            0.037492,            0.042209,            0.013455,             0.76782,             0.77586,             0.81805,             0.57735,            0.027628,             0.02372,            0.005973,           0.0058953,           0.0058953,           0.0058953
                 238,            0.037624,             0.04211,            0.013397,              0.7652,              0.7774,               0.818,             0.57725,            0.027621,            0.023704,           0.0059696,           0.0058672,           0.0058672,           0.0058672
                 239,            0.037644,            0.042386,            0.013567,             0.79216,             0.76077,             0.81878,             0.57813,            0.027615,            0.023689,           0.0059665,            0.005839,            0.005839,            0.005839
                 240,            0.037348,            0.041908,            0.013331,             0.79659,             0.75842,              0.8189,             0.57885,            0.027605,            0.023673,           0.0059586,           0.0058108,           0.0058108,           0.0058108
                 241,             0.03743,            0.041928,            0.013468,             0.79035,             0.76069,             0.81865,             0.57855,              0.0276,            0.023667,           0.0059506,           0.0057826,           0.0057826,           0.0057826
                 242,            0.037428,             0.04197,            0.013432,             0.80302,             0.75605,             0.81948,             0.57944,            0.027594,            0.023656,           0.0059421,           0.0057543,           0.0057543,           0.0057543
                 243,            0.037539,            0.042119,            0.013515,             0.79706,             0.75782,             0.81963,             0.57914,            0.027592,            0.023646,            0.005934,           0.0057261,           0.0057261,           0.0057261
                 244,            0.037622,            0.041669,            0.013432,             0.79817,             0.75699,              0.8204,             0.58014,            0.027583,            0.023639,           0.0059239,           0.0056979,           0.0056979,           0.0056979
                 245,            0.037516,            0.042081,            0.013384,             0.79431,             0.75927,             0.82092,              0.5799,            0.027578,            0.023633,           0.0059136,           0.0056696,           0.0056696,           0.0056696
                 246,            0.037268,            0.041937,            0.013322,             0.79608,              0.7584,             0.82161,             0.58032,            0.027569,            0.023627,           0.0058939,           0.0056413,           0.0056413,           0.0056413
                 247,            0.037276,            0.041809,            0.013041,              0.7979,             0.75829,             0.82167,             0.58121,            0.027558,            0.023614,           0.0058819,           0.0056131,           0.0056131,           0.0056131
                 248,            0.037463,            0.042309,            0.013491,             0.79921,             0.75786,             0.82199,             0.58113,            0.027546,            0.023607,           0.0058714,           0.0055848,           0.0055848,           0.0055848
                 249,            0.037365,            0.042018,            0.013294,             0.80113,             0.75808,             0.82321,             0.58159,            0.027534,             0.02359,           0.0058578,           0.0055565,           0.0055565,           0.0055565
                 250,            0.037296,            0.041591,            0.013414,             0.80228,             0.75754,             0.82572,             0.58207,            0.027522,            0.023578,           0.0058456,           0.0055283,           0.0055283,           0.0055283
                 251,            0.037219,            0.041734,            0.013155,             0.80121,             0.75833,             0.82611,             0.58252,            0.027509,            0.023567,           0.0058298,              0.0055,              0.0055,              0.0055
                 252,            0.037417,             0.04215,            0.013395,             0.78081,             0.77842,             0.82526,             0.58328,              0.0275,            0.023559,           0.0058127,           0.0054717,           0.0054717,           0.0054717
                 253,             0.03713,            0.041893,             0.01325,             0.78538,             0.77474,             0.82701,             0.58301,            0.027489,            0.023548,           0.0058007,           0.0054435,           0.0054435,           0.0054435
                 254,            0.037379,            0.041947,            0.013442,             0.79849,             0.76791,             0.82624,             0.58333,            0.027482,            0.023541,           0.0057894,           0.0054152,           0.0054152,           0.0054152
                 255,            0.037326,            0.041708,            0.013137,             0.80464,             0.76321,              0.8278,             0.58345,            0.027478,            0.023531,           0.0057773,           0.0053869,           0.0053869,           0.0053869
                 256,            0.037142,            0.042116,            0.013133,             0.80669,              0.7623,             0.82878,             0.58344,            0.027471,            0.023521,            0.005763,           0.0053587,           0.0053587,           0.0053587
                 257,            0.037266,            0.041915,            0.013182,             0.80302,             0.76561,              0.8285,             0.58351,            0.027459,            0.023514,           0.0057481,           0.0053304,           0.0053304,           0.0053304
                 258,            0.037139,            0.041734,             0.01306,             0.80775,             0.76152,             0.82851,             0.58321,             0.02745,            0.023502,           0.0057344,           0.0053021,           0.0053021,           0.0053021
                 259,            0.037111,            0.041654,            0.012999,             0.81718,              0.7551,             0.82864,             0.58474,            0.027441,             0.02349,           0.0057253,           0.0052739,           0.0052739,           0.0052739
                 260,             0.03718,            0.041889,            0.013187,             0.80187,             0.76862,             0.82925,             0.58438,             0.02743,            0.023478,             0.00572,           0.0052457,           0.0052457,           0.0052457
                 261,            0.037132,            0.041681,             0.01313,             0.80251,             0.76927,             0.82953,             0.58468,             0.02742,            0.023464,           0.0057131,           0.0052174,           0.0052174,           0.0052174
                 262,            0.037037,            0.041652,            0.013185,             0.80095,              0.7702,             0.83009,             0.58441,            0.027414,            0.023451,           0.0057054,           0.0051892,           0.0051892,           0.0051892
                 263,            0.037029,            0.041765,            0.013137,             0.80336,             0.76902,             0.83041,               0.585,            0.027402,            0.023436,           0.0056947,            0.005161,            0.005161,            0.005161
                 264,            0.037046,            0.041402,            0.013057,              0.8112,             0.76427,             0.83085,             0.58542,            0.027392,            0.023422,           0.0056784,           0.0051328,           0.0051328,           0.0051328
                 265,            0.037027,            0.041592,            0.012923,             0.81908,             0.75835,             0.83106,             0.58551,            0.027385,            0.023409,           0.0056684,           0.0051047,           0.0051047,           0.0051047
                 266,            0.036924,            0.041517,            0.013141,             0.81827,              0.7604,             0.83157,             0.58633,             0.02738,            0.023399,           0.0056559,           0.0050765,           0.0050765,           0.0050765
                 267,            0.036952,             0.04138,            0.013181,              0.8186,             0.76032,             0.83145,              0.5869,            0.027374,            0.023384,            0.005647,           0.0050484,           0.0050484,           0.0050484
                 268,            0.036989,            0.041497,            0.013102,             0.82091,             0.76156,             0.83226,             0.58757,            0.027366,            0.023374,           0.0056406,           0.0050202,           0.0050202,           0.0050202
                 269,            0.036971,             0.04146,            0.013035,             0.82139,             0.76223,             0.83225,             0.58791,            0.027357,            0.023361,           0.0056319,           0.0049921,           0.0049921,           0.0049921
                 270,            0.036973,             0.04152,             0.01285,             0.82179,             0.76371,             0.83272,             0.58873,            0.027345,            0.023351,           0.0056194,           0.0049641,           0.0049641,           0.0049641
                 271,            0.036859,            0.041411,            0.012944,             0.82665,                0.76,             0.83257,             0.58933,            0.027334,            0.023338,           0.0056081,            0.004936,            0.004936,            0.004936
                 272,            0.036903,            0.041289,             0.01293,             0.82317,             0.76315,             0.83284,             0.58847,            0.027323,            0.023327,            0.005596,            0.004908,            0.004908,            0.004908
                 273,            0.036947,            0.041301,            0.012987,             0.82416,             0.76314,             0.83321,             0.58895,            0.027315,            0.023314,           0.0055835,           0.0048799,           0.0048799,           0.0048799
                 274,            0.036989,            0.041571,            0.012987,             0.82441,             0.76407,             0.83353,             0.58892,            0.027309,            0.023303,           0.0055694,            0.004852,            0.004852,            0.004852
                 275,            0.036801,            0.041235,            0.012806,             0.82636,             0.76264,             0.83372,             0.58972,            0.027298,             0.02329,           0.0055528,            0.004824,            0.004824,            0.004824
                 276,            0.036853,            0.041684,            0.012964,             0.82284,             0.76445,             0.83311,             0.59019,            0.027291,            0.023283,           0.0055375,            0.004796,            0.004796,            0.004796
                 277,            0.036922,             0.04138,            0.013009,             0.81677,             0.76883,             0.83391,             0.59007,             0.02728,            0.023274,           0.0055296,           0.0047681,           0.0047681,           0.0047681
                 278,            0.036792,            0.041293,             0.01295,             0.81848,             0.76825,             0.83442,             0.59086,            0.027268,            0.023266,            0.005526,           0.0047402,           0.0047402,           0.0047402
                 279,            0.036789,            0.041613,            0.012839,             0.82159,               0.765,             0.83542,             0.59074,            0.027259,            0.023259,           0.0055152,           0.0047124,           0.0047124,           0.0047124
                 280,            0.036882,            0.041205,            0.012804,             0.82119,              0.7651,             0.83557,             0.59101,            0.027245,            0.023249,           0.0055012,           0.0046846,           0.0046846,           0.0046846
                 281,            0.036597,            0.041375,            0.012821,             0.82144,             0.76581,             0.83543,             0.59153,            0.027235,             0.02324,           0.0054865,           0.0046568,           0.0046568,           0.0046568
                 282,            0.036591,             0.04149,            0.012758,             0.81204,             0.76626,             0.83496,             0.59056,            0.027224,             0.02323,           0.0054701,            0.004629,            0.004629,            0.004629
                 283,            0.036691,             0.04126,            0.013013,             0.83473,             0.75064,             0.83482,             0.59117,            0.027217,             0.02322,           0.0054619,           0.0046013,           0.0046013,           0.0046013
                 284,            0.036669,            0.041569,            0.012663,             0.83457,             0.75145,             0.83536,             0.59148,            0.027207,            0.023208,            0.005452,           0.0045736,           0.0045736,           0.0045736
                 285,            0.036585,            0.041177,            0.012659,             0.83581,             0.75194,             0.83558,             0.59177,              0.0272,            0.023197,             0.00544,            0.004546,            0.004546,            0.004546
                 286,            0.036603,            0.041343,              0.0126,             0.83551,             0.75248,             0.83553,             0.59201,            0.027192,            0.023183,           0.0054306,           0.0045184,           0.0045184,           0.0045184
                 287,            0.036612,            0.041183,            0.012815,             0.80798,             0.77197,             0.83594,             0.59216,            0.027184,            0.023167,            0.005421,           0.0044908,           0.0044908,           0.0044908
                 288,            0.036536,            0.041411,            0.012605,             0.81099,             0.77414,             0.83707,             0.59372,            0.027177,             0.02315,            0.005406,           0.0044632,           0.0044632,           0.0044632
                 289,            0.036606,            0.041333,            0.012749,             0.81625,              0.7707,             0.83784,             0.59377,            0.027171,            0.023136,           0.0053933,           0.0044358,           0.0044358,           0.0044358
                 290,            0.036675,            0.040842,            0.012631,             0.81139,             0.77648,             0.83831,             0.59511,            0.027164,            0.023124,           0.0053759,           0.0044083,           0.0044083,           0.0044083
                 291,            0.036638,            0.041458,             0.01259,             0.82154,             0.77152,             0.83853,             0.59527,            0.027154,            0.023109,           0.0053615,           0.0043809,           0.0043809,           0.0043809
                 292,             0.03642,            0.041085,            0.012575,             0.82254,             0.77171,             0.83936,               0.596,            0.027141,            0.023095,           0.0053469,           0.0043535,           0.0043535,           0.0043535
                 293,            0.036492,            0.041014,            0.012601,             0.82226,             0.77339,             0.83994,             0.59587,            0.027128,            0.023082,            0.005337,           0.0043262,           0.0043262,           0.0043262
                 294,            0.036604,            0.041273,            0.012485,             0.82336,             0.77301,             0.84051,             0.59639,             0.02712,            0.023071,           0.0053268,           0.0042989,           0.0042989,           0.0042989
                 295,            0.036571,            0.041505,            0.012587,              0.8238,             0.77395,             0.84062,             0.59626,            0.027117,             0.02306,            0.005317,           0.0042717,           0.0042717,           0.0042717
                 296,            0.036512,            0.041255,            0.012543,             0.83402,             0.76695,             0.84039,             0.59624,             0.02711,            0.023052,           0.0053042,           0.0042445,           0.0042445,           0.0042445
                 297,             0.03649,            0.040922,            0.012591,             0.82515,             0.77136,             0.84012,             0.59657,            0.027108,            0.023039,            0.005294,           0.0042174,           0.0042174,           0.0042174
                 298,            0.036439,            0.041386,            0.012506,             0.82518,             0.76775,             0.83977,             0.59722,            0.027106,             0.02303,           0.0052849,           0.0041903,           0.0041903,           0.0041903
                 299,            0.036412,             0.04127,            0.012418,             0.81675,             0.77477,              0.8398,              0.5973,            0.027101,            0.023027,           0.0052729,           0.0041633,           0.0041633,           0.0041633
                 300,            0.036388,            0.040728,            0.012533,             0.82128,             0.77085,             0.84002,             0.59696,            0.027094,            0.023022,           0.0052637,           0.0041363,           0.0041363,           0.0041363
                 301,            0.036403,            0.040824,            0.012605,             0.82305,             0.76984,             0.84123,             0.59752,            0.027084,            0.023013,           0.0052565,           0.0041094,           0.0041094,           0.0041094
                 302,            0.036229,            0.040876,            0.012426,             0.82497,             0.76821,             0.84136,             0.59847,            0.027075,            0.023005,           0.0052516,           0.0040826,           0.0040826,           0.0040826
                 303,            0.036454,            0.041202,            0.012464,              0.8141,             0.77657,             0.84067,             0.59882,            0.027067,            0.022994,           0.0052416,           0.0040558,           0.0040558,           0.0040558
                 304,            0.036374,            0.041294,            0.012471,              0.8187,             0.77468,             0.84115,             0.59894,            0.027059,             0.02298,           0.0052328,            0.004029,            0.004029,            0.004029
                 305,            0.036195,            0.040965,             0.01232,             0.82192,             0.77239,             0.84176,             0.59921,            0.027049,            0.022967,           0.0052259,           0.0040023,           0.0040023,           0.0040023
                 306,            0.036143,            0.040576,             0.01231,             0.82742,             0.76942,             0.84263,             0.59974,            0.027037,            0.022957,           0.0052164,           0.0039757,           0.0039757,           0.0039757
                 307,             0.03613,            0.041027,            0.012318,              0.8222,             0.77282,             0.84309,             0.60027,            0.027028,            0.022941,           0.0052058,           0.0039491,           0.0039491,           0.0039491
                 308,            0.036174,            0.040913,            0.012375,             0.82357,             0.77259,             0.84359,             0.60067,            0.027021,            0.022929,           0.0051951,           0.0039226,           0.0039226,           0.0039226
                 309,            0.036251,             0.04074,            0.012356,             0.82197,             0.77379,             0.84397,             0.60068,            0.027008,            0.022917,           0.0051851,           0.0038961,           0.0038961,           0.0038961
                 310,            0.036135,            0.040993,            0.012386,             0.83023,             0.76756,             0.84402,             0.60104,            0.026997,            0.022907,           0.0051762,           0.0038698,           0.0038698,           0.0038698
                 311,             0.03611,            0.040846,            0.012171,             0.82977,             0.76874,             0.84465,             0.60199,            0.026985,            0.022892,           0.0051668,           0.0038434,           0.0038434,           0.0038434
                 312,            0.036214,            0.040674,            0.012218,             0.83041,             0.77001,             0.84548,             0.60177,            0.026971,            0.022876,           0.0051588,           0.0038172,           0.0038172,           0.0038172
                 313,            0.036176,            0.040813,            0.012399,               0.832,             0.77292,             0.84586,             0.60168,            0.026959,            0.022862,           0.0051552,            0.003791,            0.003791,            0.003791
                 314,            0.036127,            0.040924,            0.012338,             0.83189,             0.77277,             0.84672,              0.6024,             0.02695,            0.022848,            0.005147,           0.0037649,           0.0037649,           0.0037649
                 315,            0.036113,            0.040687,            0.012267,             0.83031,             0.77283,             0.84693,             0.60282,            0.026942,            0.022835,           0.0051409,           0.0037388,           0.0037388,           0.0037388
                 316,            0.036145,            0.040928,            0.012294,             0.83046,             0.77334,              0.8469,             0.60248,            0.026932,            0.022823,           0.0051378,           0.0037128,           0.0037128,           0.0037128
                 317,            0.036113,            0.041011,            0.012376,             0.83544,             0.77002,               0.847,             0.60377,            0.026923,            0.022814,           0.0051336,           0.0036869,           0.0036869,           0.0036869
                 318,            0.036072,            0.040692,            0.012166,             0.83347,             0.77162,              0.8477,             0.60443,            0.026913,            0.022806,           0.0051265,           0.0036611,           0.0036611,           0.0036611
                 319,            0.035953,            0.040861,            0.012197,             0.83563,             0.77064,             0.84774,               0.605,            0.026899,            0.022792,            0.005118,           0.0036353,           0.0036353,           0.0036353
                 320,            0.036028,            0.041002,            0.012126,             0.84016,             0.76742,             0.84781,             0.60554,            0.026889,            0.022783,           0.0051068,           0.0036096,           0.0036096,           0.0036096
                 321,             0.03599,            0.040916,            0.012135,             0.84312,             0.76505,             0.84806,             0.60579,            0.026878,            0.022772,           0.0050968,            0.003584,            0.003584,            0.003584
                 322,            0.035955,            0.040671,            0.012227,             0.85029,             0.76269,             0.84851,             0.60605,             0.02687,            0.022758,            0.005084,           0.0035584,           0.0035584,           0.0035584
                 323,            0.035991,            0.040577,            0.012273,             0.84663,              0.7647,             0.84936,             0.60701,            0.026864,            0.022747,           0.0050703,            0.003533,            0.003533,            0.003533
                 324,            0.035913,            0.040737,            0.012109,              0.8457,             0.76616,             0.84981,             0.60736,            0.026856,            0.022732,           0.0050573,           0.0035076,           0.0035076,           0.0035076
                 325,             0.03579,            0.040908,            0.012021,             0.83951,              0.7688,             0.85013,             0.60771,            0.026848,            0.022718,           0.0050467,           0.0034823,           0.0034823,           0.0034823
                 326,            0.035846,            0.040519,            0.012008,             0.83382,             0.77161,             0.85045,             0.60787,            0.026844,             0.02271,           0.0050418,            0.003457,            0.003457,            0.003457
                 327,            0.035846,            0.040462,            0.012054,             0.83419,             0.77165,             0.85048,             0.60827,            0.026837,            0.022702,           0.0050345,           0.0034319,           0.0034319,           0.0034319
                 328,            0.035684,            0.040334,            0.012126,             0.83634,             0.77021,             0.85054,             0.60838,            0.026828,            0.022694,           0.0050248,           0.0034068,           0.0034068,           0.0034068
                 329,             0.03588,             0.04052,            0.012161,             0.84347,             0.76927,             0.85121,             0.60903,            0.026818,            0.022682,           0.0050102,           0.0033818,           0.0033818,           0.0033818
                 330,            0.035758,            0.040343,            0.011991,             0.83663,             0.77212,             0.85156,             0.60979,            0.026811,            0.022673,           0.0050017,           0.0033569,           0.0033569,           0.0033569
                 331,            0.035747,            0.040656,            0.012032,             0.83797,             0.77517,             0.85222,             0.61001,            0.026802,            0.022657,           0.0049929,           0.0033321,           0.0033321,           0.0033321
                 332,            0.035724,            0.040412,            0.011984,              0.8456,             0.77103,             0.85239,              0.6101,            0.026799,            0.022643,           0.0049853,           0.0033074,           0.0033074,           0.0033074
                 333,            0.035787,            0.040549,            0.011908,              0.8486,             0.76987,             0.85264,             0.60964,            0.026792,            0.022629,           0.0049754,           0.0032827,           0.0032827,           0.0032827
                 334,            0.035611,            0.040536,            0.011932,              0.8528,             0.76746,             0.85327,             0.61018,            0.026784,            0.022613,           0.0049626,           0.0032582,           0.0032582,           0.0032582
                 335,             0.03572,            0.040816,              0.0119,             0.83957,             0.77567,             0.85395,             0.61088,            0.026778,            0.022603,           0.0049533,           0.0032337,           0.0032337,           0.0032337
                 336,            0.035655,            0.040527,            0.011863,             0.85094,             0.76915,             0.85471,             0.61023,            0.026772,            0.022592,             0.00494,           0.0032093,           0.0032093,           0.0032093
                 337,            0.035593,             0.04004,            0.011791,             0.85099,             0.77023,             0.85553,             0.61065,            0.026763,            0.022584,           0.0049299,            0.003185,            0.003185,            0.003185
                 338,            0.035665,             0.04039,            0.011903,             0.84766,             0.77165,             0.85576,             0.61155,            0.026754,            0.022574,           0.0049225,           0.0031608,           0.0031608,           0.0031608
                 339,            0.035599,            0.040216,            0.011897,             0.84715,             0.77245,             0.85615,             0.61201,            0.026747,            0.022564,           0.0049135,           0.0031367,           0.0031367,           0.0031367
                 340,            0.035535,            0.040001,            0.011895,             0.84453,             0.77548,             0.85585,             0.61209,            0.026738,             0.02255,           0.0049047,           0.0031127,           0.0031127,           0.0031127
                 341,            0.035534,            0.040361,            0.011875,             0.84446,             0.77569,             0.85594,             0.61242,            0.026727,            0.022538,           0.0048978,           0.0030888,           0.0030888,           0.0030888
                 342,            0.035524,            0.040396,            0.011602,             0.84711,             0.77628,             0.85626,             0.61268,            0.026716,            0.022525,           0.0048857,            0.003065,            0.003065,            0.003065
                 343,            0.035434,            0.039953,            0.011908,             0.84643,             0.77648,             0.85665,             0.61293,            0.026708,            0.022513,           0.0048761,           0.0030412,           0.0030412,           0.0030412
                 344,            0.035418,            0.039805,             0.01172,             0.84872,             0.77397,             0.85677,             0.61279,              0.0267,            0.022504,            0.004866,           0.0030176,           0.0030176,           0.0030176
                 345,            0.035463,            0.040051,            0.011699,             0.84244,             0.77853,             0.85719,             0.61257,             0.02669,            0.022489,           0.0048554,           0.0029941,           0.0029941,           0.0029941
                 346,            0.035355,            0.040048,            0.011712,             0.84283,             0.77942,             0.85738,             0.61294,            0.026681,            0.022478,           0.0048444,           0.0029706,           0.0029706,           0.0029706
                 347,            0.035524,            0.040254,              0.0117,             0.84045,             0.78034,             0.85822,              0.6129,             0.02667,            0.022464,           0.0048347,           0.0029473,           0.0029473,           0.0029473
                 348,            0.035431,            0.039954,            0.011547,             0.84354,             0.77842,             0.85844,              0.6143,            0.026659,            0.022453,           0.0048281,           0.0029241,           0.0029241,           0.0029241
                 349,            0.035395,            0.040185,            0.011872,             0.84012,             0.78015,             0.85828,             0.61496,            0.026647,             0.02244,           0.0048209,           0.0029009,           0.0029009,           0.0029009
                 350,             0.03536,            0.039963,            0.011848,             0.83888,             0.78008,             0.85864,             0.61532,            0.026634,            0.022432,           0.0048168,           0.0028779,           0.0028779,           0.0028779
                 351,             0.03525,             0.04021,            0.011668,              0.8425,              0.7821,             0.85902,             0.61582,            0.026621,            0.022426,           0.0048123,            0.002855,            0.002855,            0.002855
                 352,            0.035398,            0.040125,            0.011911,             0.84339,             0.77852,             0.85902,              0.6163,             0.02661,            0.022419,           0.0048061,           0.0028321,           0.0028321,           0.0028321
                 353,            0.035461,            0.040043,             0.01165,             0.84436,             0.77799,              0.8584,             0.61671,            0.026597,            0.022412,           0.0047954,           0.0028094,           0.0028094,           0.0028094
                 354,            0.035262,            0.039724,            0.011854,             0.84725,             0.77831,             0.85894,             0.61795,            0.026584,            0.022399,           0.0047842,           0.0027868,           0.0027868,           0.0027868
                 355,            0.035375,             0.04007,            0.011696,             0.84888,             0.77888,             0.85911,             0.61794,            0.026571,            0.022388,           0.0047726,           0.0027643,           0.0027643,           0.0027643
                 356,            0.035152,            0.039857,            0.011606,             0.84601,             0.77992,             0.85908,             0.61813,            0.026559,            0.022374,           0.0047629,           0.0027419,           0.0027419,           0.0027419
                 357,            0.035194,            0.039737,            0.011479,             0.85286,             0.77633,              0.8592,             0.61836,            0.026549,            0.022359,           0.0047538,           0.0027196,           0.0027196,           0.0027196
                 358,             0.03519,            0.039712,            0.011548,             0.84509,             0.78193,             0.85934,             0.61866,            0.026534,            0.022348,           0.0047426,           0.0026975,           0.0026975,           0.0026975
                 359,            0.035125,            0.039984,            0.011459,             0.84388,             0.78306,             0.85974,             0.61946,            0.026524,            0.022337,           0.0047356,           0.0026754,           0.0026754,           0.0026754
                 360,            0.035183,            0.039979,            0.011646,             0.83892,             0.78617,             0.85999,             0.62027,            0.026513,            0.022325,           0.0047298,           0.0026534,           0.0026534,           0.0026534
                 361,            0.035069,            0.039759,            0.011431,             0.83626,             0.78938,             0.86103,             0.62016,            0.026502,            0.022319,           0.0047227,           0.0026316,           0.0026316,           0.0026316
                 362,            0.035138,            0.039784,            0.011647,             0.83371,             0.79181,             0.86091,             0.62022,            0.026492,             0.02231,           0.0047161,           0.0026099,           0.0026099,           0.0026099
                 363,             0.03522,            0.040043,            0.011546,             0.83577,             0.79048,             0.86117,             0.62036,            0.026485,            0.022296,             0.00471,           0.0025882,           0.0025882,           0.0025882
                 364,            0.035026,            0.039619,            0.011358,             0.83991,             0.78777,             0.86179,             0.62056,            0.026476,            0.022284,           0.0047029,           0.0025667,           0.0025667,           0.0025667
                 365,            0.035166,            0.039875,            0.011422,             0.82712,             0.79786,             0.86212,             0.62009,            0.026468,            0.022271,           0.0046988,           0.0025454,           0.0025454,           0.0025454
                 366,             0.03498,            0.039541,            0.011388,             0.83397,             0.79111,             0.86274,                0.62,            0.026455,            0.022258,           0.0046975,           0.0025241,           0.0025241,           0.0025241
                 367,            0.034939,            0.040128,            0.011353,             0.83605,             0.78908,             0.86293,             0.62045,             0.02644,            0.022243,           0.0046912,           0.0025029,           0.0025029,           0.0025029
                 368,            0.034969,            0.039842,            0.011242,             0.85952,             0.77339,             0.86326,             0.62076,            0.026425,             0.02223,           0.0046865,           0.0024819,           0.0024819,           0.0024819
                 369,            0.035011,            0.039736,            0.011473,             0.85884,             0.77414,             0.86361,             0.62179,             0.02641,            0.022212,           0.0046774,            0.002461,            0.002461,            0.002461
                 370,            0.034837,            0.039904,            0.011458,              0.8276,              0.7983,             0.86451,             0.62168,            0.026401,            0.022201,           0.0046709,           0.0024402,           0.0024402,           0.0024402
                 371,             0.03477,            0.039505,            0.011221,             0.82986,             0.79847,             0.86512,             0.62289,            0.026392,            0.022188,           0.0046609,           0.0024195,           0.0024195,           0.0024195
                 372,            0.034966,            0.039492,            0.011461,             0.85823,             0.77727,             0.86538,             0.62305,            0.026381,            0.022173,           0.0046517,            0.002399,            0.002399,            0.002399
                 373,            0.034772,            0.039551,            0.011306,              0.8246,             0.80694,               0.866,             0.62364,            0.026369,            0.022159,           0.0046415,           0.0023786,           0.0023786,           0.0023786
                 374,            0.034842,            0.039687,            0.011348,             0.83965,             0.79195,             0.86594,             0.62478,            0.026355,            0.022144,           0.0046303,           0.0023583,           0.0023583,           0.0023583
                 375,             0.03483,            0.039944,            0.011307,             0.84123,             0.79161,             0.86608,             0.62572,            0.026346,            0.022134,           0.0046185,           0.0023381,           0.0023381,           0.0023381
                 376,            0.034779,            0.039221,            0.011286,             0.84399,             0.78871,             0.86644,             0.62592,            0.026332,            0.022119,           0.0046091,            0.002318,            0.002318,            0.002318
                 377,            0.034835,            0.039425,            0.011306,             0.84788,             0.78464,             0.86681,             0.62619,            0.026322,            0.022105,           0.0046057,           0.0022981,           0.0022981,           0.0022981
                 378,            0.034812,            0.039477,            0.011379,             0.85363,             0.78105,             0.86675,             0.62655,            0.026309,            0.022095,           0.0046018,           0.0022783,           0.0022783,           0.0022783
                 379,            0.034732,            0.039152,            0.011313,             0.85495,             0.78181,              0.8674,             0.62711,            0.026297,            0.022087,           0.0045963,           0.0022586,           0.0022586,           0.0022586
                 380,            0.034724,            0.039505,             0.01132,             0.85664,             0.78026,             0.86759,             0.62793,            0.026285,            0.022077,           0.0045883,           0.0022391,           0.0022391,           0.0022391
                 381,            0.034729,             0.03944,            0.011083,              0.8568,             0.78346,             0.86832,             0.62807,            0.026274,            0.022064,           0.0045766,           0.0022196,           0.0022196,           0.0022196
                 382,            0.034585,            0.039347,            0.011164,             0.85755,             0.78184,             0.86881,              0.6291,            0.026266,            0.022049,           0.0045651,           0.0022004,           0.0022004,           0.0022004
                 383,            0.034729,            0.039544,            0.011271,             0.86347,             0.78154,             0.86925,             0.62996,            0.026259,            0.022038,           0.0045542,           0.0021812,           0.0021812,           0.0021812
                 384,            0.034839,            0.039465,            0.011226,             0.86164,             0.78291,             0.86875,             0.62955,             0.02625,            0.022021,           0.0045433,           0.0021622,           0.0021622,           0.0021622
                 385,            0.034581,            0.039376,            0.011008,             0.85657,             0.78594,             0.86926,             0.63105,            0.026244,            0.022014,           0.0045317,           0.0021433,           0.0021433,           0.0021433
                 386,            0.034571,            0.039337,            0.011082,             0.85347,             0.78765,             0.86974,              0.6316,            0.026236,            0.022002,           0.0045238,           0.0021245,           0.0021245,           0.0021245
                 387,            0.034479,            0.039111,            0.011111,             0.85132,             0.78866,             0.87032,             0.63158,            0.026228,            0.021988,           0.0045133,           0.0021059,           0.0021059,           0.0021059
                 388,            0.034569,            0.039489,            0.011067,             0.85283,             0.78841,             0.87028,             0.63175,            0.026219,            0.021977,           0.0045048,           0.0020874,           0.0020874,           0.0020874
                 389,            0.034536,            0.039064,            0.011065,             0.85675,             0.78759,             0.87165,             0.63217,             0.02621,            0.021962,           0.0044977,            0.002069,            0.002069,            0.002069
                 390,            0.034549,            0.039235,            0.011083,             0.80901,             0.82407,             0.87188,             0.63198,            0.026204,            0.021952,           0.0044896,           0.0020508,           0.0020508,           0.0020508
                 391,            0.034541,            0.039307,            0.011048,             0.81349,             0.82197,             0.87195,             0.63186,            0.026197,             0.02194,           0.0044778,           0.0020327,           0.0020327,           0.0020327
                 392,            0.034546,            0.039134,            0.011072,             0.81533,             0.82335,             0.87263,             0.63165,            0.026188,            0.021928,           0.0044693,           0.0020147,           0.0020147,           0.0020147
                 393,            0.034538,            0.039109,             0.01104,             0.81912,             0.82074,             0.87271,             0.63139,            0.026181,            0.021918,           0.0044573,           0.0019969,           0.0019969,           0.0019969
                 394,            0.034434,            0.039305,            0.010893,             0.82175,             0.82054,             0.87313,             0.63217,            0.026171,            0.021908,           0.0044472,           0.0019792,           0.0019792,           0.0019792
                 395,            0.034453,            0.039328,            0.010948,             0.82314,             0.82213,             0.87385,             0.63257,            0.026159,            0.021898,            0.004437,           0.0019617,           0.0019617,           0.0019617
                 396,            0.034455,            0.038856,            0.011074,              0.8227,              0.8239,             0.87456,             0.63304,            0.026148,            0.021891,           0.0044271,           0.0019443,           0.0019443,           0.0019443
                 397,            0.034434,            0.039432,            0.010881,             0.85963,             0.79758,             0.87519,             0.63427,            0.026135,            0.021879,           0.0044177,            0.001927,            0.001927,            0.001927
                 398,            0.034319,            0.039187,             0.01088,             0.86626,             0.79333,             0.87573,             0.63432,            0.026127,            0.021868,           0.0044117,           0.0019099,           0.0019099,           0.0019099
                 399,            0.034323,            0.039168,            0.010941,             0.86813,             0.79238,             0.87585,             0.63367,            0.026117,             0.02186,           0.0044041,           0.0018929,           0.0018929,           0.0018929
                 400,            0.034485,            0.038912,            0.010977,             0.84434,             0.80905,             0.87606,             0.63335,            0.026107,            0.021848,           0.0043959,           0.0018761,           0.0018761,           0.0018761
                 401,             0.03437,             0.03915,            0.010973,             0.84627,             0.80768,             0.87665,             0.63397,              0.0261,             0.02184,           0.0043858,           0.0018594,           0.0018594,           0.0018594
                 402,            0.034435,            0.039123,            0.010969,             0.88966,             0.78084,             0.87654,             0.63416,            0.026089,             0.02183,           0.0043738,           0.0018429,           0.0018429,           0.0018429
                 403,             0.03407,            0.038818,            0.010862,             0.83752,             0.81512,             0.87679,              0.6345,             0.02608,             0.02182,            0.004365,           0.0018265,           0.0018265,           0.0018265
                 404,            0.034091,            0.038507,            0.010937,             0.83786,              0.8157,             0.87634,             0.63475,            0.026068,            0.021807,           0.0043551,           0.0018102,           0.0018102,           0.0018102
                 405,            0.034205,            0.039038,            0.010733,             0.84628,              0.8106,             0.87754,              0.6352,            0.026057,            0.021797,           0.0043476,           0.0017941,           0.0017941,           0.0017941
                 406,            0.034237,            0.038765,             0.01082,             0.85351,             0.80788,             0.87842,             0.63571,            0.026043,            0.021784,           0.0043398,           0.0017781,           0.0017781,           0.0017781
                 407,            0.034204,            0.038757,            0.010805,             0.84327,              0.8131,             0.87775,             0.63567,            0.026034,            0.021773,           0.0043346,           0.0017623,           0.0017623,           0.0017623
                 408,             0.03426,            0.039139,            0.010859,             0.84242,             0.81383,             0.87839,               0.637,            0.026023,            0.021764,           0.0043256,           0.0017466,           0.0017466,           0.0017466
                 409,            0.034235,            0.038981,            0.010824,             0.84289,             0.81397,             0.87862,             0.63766,            0.026013,             0.02175,            0.004316,           0.0017311,           0.0017311,           0.0017311
                 410,             0.03427,            0.039331,            0.010816,             0.84182,             0.81551,             0.87884,             0.63773,            0.026002,            0.021739,           0.0043052,           0.0017157,           0.0017157,           0.0017157
                 411,            0.034221,            0.038749,            0.010869,             0.84043,             0.81721,             0.87915,             0.63842,             0.02599,            0.021727,           0.0042942,           0.0017005,           0.0017005,           0.0017005
                 412,            0.034108,            0.038711,            0.010883,             0.84226,             0.81685,             0.87932,             0.63852,            0.025983,            0.021717,           0.0042884,           0.0016854,           0.0016854,           0.0016854
                 413,            0.034107,            0.038781,            0.010639,             0.84432,             0.81786,              0.8804,             0.63946,            0.025975,            0.021703,           0.0042805,           0.0016705,           0.0016705,           0.0016705
                 414,            0.034054,            0.038808,            0.010775,             0.84416,             0.81964,             0.88038,             0.63982,            0.025962,            0.021692,           0.0042713,           0.0016558,           0.0016558,           0.0016558
                 415,            0.034083,            0.038462,            0.010751,             0.84518,              0.8206,             0.88028,             0.63897,            0.025953,            0.021682,           0.0042622,           0.0016411,           0.0016411,           0.0016411
                 416,            0.033981,            0.038766,            0.010744,             0.84146,             0.82169,             0.88053,             0.63953,            0.025943,             0.02167,           0.0042559,           0.0016267,           0.0016267,           0.0016267
                 417,            0.033926,            0.038651,            0.010697,             0.84361,              0.8242,             0.88001,             0.63964,            0.025932,             0.02166,           0.0042498,           0.0016123,           0.0016123,           0.0016123
                 418,            0.034149,            0.038872,            0.010848,             0.83857,             0.82871,             0.88046,             0.64033,            0.025924,            0.021648,           0.0042436,           0.0015982,           0.0015982,           0.0015982
                 419,             0.03409,            0.038862,            0.010682,             0.84384,             0.82453,             0.88059,             0.64019,            0.025914,            0.021635,           0.0042372,           0.0015842,           0.0015842,           0.0015842
                 420,            0.033999,            0.038655,            0.010491,             0.84899,             0.82021,             0.88096,             0.64094,            0.025903,            0.021628,           0.0042287,           0.0015703,           0.0015703,           0.0015703
                 421,            0.034038,            0.038807,             0.01066,             0.85138,             0.81824,             0.88077,               0.641,            0.025891,            0.021616,           0.0042199,           0.0015566,           0.0015566,           0.0015566
                 422,            0.033868,            0.038646,            0.010577,             0.85101,             0.82042,             0.88121,             0.64148,            0.025882,            0.021602,           0.0042086,           0.0015431,           0.0015431,           0.0015431
                 423,            0.033978,            0.038605,            0.010612,             0.85465,             0.81892,             0.88213,             0.64225,            0.025875,            0.021592,           0.0041999,           0.0015297,           0.0015297,           0.0015297
                 424,            0.033872,            0.038607,            0.010606,             0.86337,             0.81369,             0.88195,             0.64247,            0.025867,            0.021578,           0.0041908,           0.0015165,           0.0015165,           0.0015165
                 425,            0.033851,            0.038596,            0.010535,               0.864,              0.8147,             0.88258,             0.64276,            0.025861,            0.021563,           0.0041832,           0.0015034,           0.0015034,           0.0015034
                 426,            0.033812,            0.038676,            0.010647,             0.86054,             0.81798,             0.88275,             0.64299,            0.025849,            0.021548,           0.0041746,           0.0014905,           0.0014905,           0.0014905
                 427,            0.033909,            0.038722,            0.010439,             0.85483,             0.82282,             0.88145,             0.64246,            0.025838,            0.021535,           0.0041659,           0.0014777,           0.0014777,           0.0014777
                 428,            0.033657,            0.038598,            0.010336,             0.85114,             0.82571,             0.88163,             0.64291,            0.025826,            0.021523,           0.0041567,           0.0014651,           0.0014651,           0.0014651
                 429,            0.033688,             0.03821,             0.01062,             0.85385,             0.82316,             0.88144,             0.64293,            0.025815,            0.021513,           0.0041484,           0.0014527,           0.0014527,           0.0014527
                 430,            0.033769,            0.038472,             0.01044,             0.85175,              0.8236,             0.88227,             0.64405,            0.025807,            0.021506,           0.0041429,           0.0014404,           0.0014404,           0.0014404
                 431,            0.033809,            0.038457,            0.010454,             0.85707,             0.81934,              0.8823,             0.64332,            0.025799,            0.021498,           0.0041356,           0.0014283,           0.0014283,           0.0014283
                 432,             0.03383,            0.038205,            0.010572,             0.84282,             0.82949,             0.88239,             0.64343,            0.025793,            0.021491,           0.0041294,           0.0014163,           0.0014163,           0.0014163
                 433,            0.033788,            0.038375,             0.01051,             0.85428,             0.82191,             0.88251,             0.64384,            0.025785,             0.02148,           0.0041216,           0.0014045,           0.0014045,           0.0014045
                 434,            0.033684,            0.038271,            0.010569,             0.86035,             0.81979,             0.88307,             0.64395,            0.025773,            0.021467,           0.0041156,           0.0013929,           0.0013929,           0.0013929
                 435,            0.033806,              0.0384,            0.010552,             0.85852,              0.8216,             0.88303,             0.64534,            0.025764,            0.021454,           0.0041082,           0.0013814,           0.0013814,           0.0013814
                 436,            0.033806,            0.038662,             0.01046,             0.85759,             0.82188,             0.88301,             0.64534,            0.025755,             0.02144,           0.0041017,           0.0013701,           0.0013701,           0.0013701
                 437,            0.033719,            0.038556,            0.010488,             0.86088,             0.82039,             0.88305,             0.64528,            0.025744,            0.021426,           0.0040949,            0.001359,            0.001359,            0.001359
                 438,            0.033627,            0.038308,             0.01044,             0.86224,             0.81938,             0.88351,             0.64517,            0.025731,            0.021415,           0.0040882,            0.001348,            0.001348,            0.001348
                 439,            0.033548,            0.037904,            0.010514,             0.86292,             0.81903,             0.88401,             0.64487,            0.025719,            0.021406,           0.0040809,           0.0013372,           0.0013372,           0.0013372
                 440,            0.033628,            0.038355,            0.010336,             0.86023,             0.81949,             0.88397,             0.64485,            0.025708,            0.021396,           0.0040701,           0.0013265,           0.0013265,           0.0013265
                 441,            0.033716,             0.03845,            0.010465,             0.86375,             0.81578,             0.88429,             0.64507,              0.0257,            0.021388,           0.0040606,            0.001316,            0.001316,            0.001316
                 442,            0.033576,            0.038247,            0.010295,             0.86424,             0.81597,             0.88445,             0.64521,            0.025692,            0.021379,            0.004055,           0.0013057,           0.0013057,           0.0013057
                 443,            0.033702,            0.038339,            0.010288,             0.85794,             0.81965,             0.88456,             0.64511,            0.025683,            0.021373,           0.0040466,           0.0012955,           0.0012955,           0.0012955
                 444,            0.033572,            0.037916,            0.010402,             0.85825,             0.82061,             0.88471,             0.64492,            0.025678,            0.021364,           0.0040371,           0.0012855,           0.0012855,           0.0012855
                 445,            0.033556,            0.038286,            0.010277,             0.85633,             0.82228,             0.88476,             0.64504,            0.025671,            0.021355,             0.00403,           0.0012757,           0.0012757,           0.0012757
                 446,            0.033502,            0.038109,            0.010408,             0.86017,             0.81896,             0.88468,             0.64554,            0.025663,            0.021347,           0.0040206,            0.001266,            0.001266,            0.001266
                 447,            0.033587,            0.037958,            0.010286,             0.84451,             0.83158,             0.88503,             0.64569,            0.025656,            0.021336,           0.0040112,           0.0012565,           0.0012565,           0.0012565
                 448,            0.033656,            0.038615,            0.010343,             0.84191,              0.8336,             0.88543,             0.64615,            0.025645,            0.021326,           0.0040001,           0.0012472,           0.0012472,           0.0012472
                 449,            0.033562,            0.038225,            0.010313,             0.86011,             0.81818,             0.88575,             0.64557,            0.025636,            0.021317,            0.003991,           0.0012381,           0.0012381,           0.0012381
                 450,            0.033577,            0.038158,            0.010368,             0.86133,             0.81646,             0.88514,             0.64553,            0.025628,             0.02131,           0.0039832,           0.0012291,           0.0012291,           0.0012291
                 451,             0.03346,            0.038289,              0.0102,             0.86224,             0.81754,             0.88566,              0.6466,            0.025622,            0.021299,           0.0039765,           0.0012202,           0.0012202,           0.0012202
                 452,            0.033416,            0.038299,            0.010217,             0.87013,             0.81553,             0.88601,             0.64673,            0.025612,            0.021287,           0.0039682,           0.0012116,           0.0012116,           0.0012116
                 453,            0.033522,            0.037894,            0.010258,             0.87382,             0.81216,             0.88635,             0.64806,            0.025604,            0.021277,           0.0039592,           0.0012031,           0.0012031,           0.0012031
                 454,            0.033518,            0.038185,            0.010288,             0.87139,             0.81385,             0.88725,             0.64818,            0.025595,            0.021269,           0.0039499,           0.0011948,           0.0011948,           0.0011948
                 455,            0.033401,            0.038155,            0.010117,             0.87318,             0.81211,             0.88642,             0.64826,            0.025587,            0.021257,           0.0039424,           0.0011867,           0.0011867,           0.0011867
                 456,            0.033373,            0.038118,            0.010235,             0.86933,             0.81402,             0.88633,             0.64857,            0.025579,            0.021251,           0.0039382,           0.0011787,           0.0011787,           0.0011787
                 457,            0.033391,            0.038151,            0.010227,             0.87743,             0.80842,             0.88693,             0.64875,            0.025572,            0.021243,           0.0039371,           0.0011709,           0.0011709,           0.0011709
                 458,            0.033284,            0.038099,            0.010157,             0.87524,             0.80917,             0.88838,             0.64929,            0.025562,            0.021234,            0.003934,           0.0011632,           0.0011632,           0.0011632
                 459,            0.033301,             0.03812,            0.010188,             0.86615,             0.81527,             0.88688,             0.64881,            0.025556,            0.021222,           0.0039296,           0.0011558,           0.0011558,           0.0011558
                 460,            0.033346,            0.038173,            0.010241,             0.87637,              0.8096,             0.88818,             0.64957,            0.025547,            0.021213,            0.003923,           0.0011485,           0.0011485,           0.0011485
                 461,            0.033397,            0.037945,            0.010196,             0.86524,             0.81593,             0.88837,              0.6496,            0.025543,              0.0212,           0.0039142,           0.0011414,           0.0011414,           0.0011414
                 462,            0.033535,            0.037789,            0.010298,             0.86092,             0.81887,             0.88832,             0.65001,            0.025537,            0.021188,           0.0039085,           0.0011344,           0.0011344,           0.0011344
                 463,            0.033319,            0.037881,            0.010254,             0.86278,             0.81877,              0.8889,             0.64938,            0.025528,            0.021181,           0.0039037,           0.0011277,           0.0011277,           0.0011277
                 464,            0.033432,            0.037845,            0.010191,             0.86336,             0.81913,             0.88984,             0.64971,            0.025521,            0.021168,           0.0038998,           0.0011211,           0.0011211,           0.0011211
                 465,            0.033424,            0.038086,             0.01024,             0.86427,              0.8187,              0.8903,             0.65037,            0.025516,             0.02116,           0.0038972,           0.0011146,           0.0011146,           0.0011146
                 466,            0.033312,            0.038044,            0.010096,             0.86114,             0.82068,             0.89041,             0.65103,             0.02551,             0.02115,           0.0038916,           0.0011084,           0.0011084,           0.0011084
                 467,            0.033472,            0.038275,            0.010152,             0.86175,             0.82141,             0.89064,             0.65123,            0.025501,            0.021141,           0.0038871,           0.0011023,           0.0011023,           0.0011023
                 468,            0.033492,            0.037954,            0.010169,             0.86348,             0.81918,             0.89108,             0.65224,            0.025492,            0.021133,           0.0038774,           0.0010964,           0.0010964,           0.0010964
                 469,            0.033422,            0.038217,            0.010135,             0.89269,              0.8014,             0.89089,             0.65238,            0.025486,            0.021126,           0.0038693,           0.0010907,           0.0010907,           0.0010907
                 470,             0.03332,            0.037774,            0.010179,             0.89244,             0.80157,             0.89071,             0.65211,            0.025479,            0.021116,           0.0038618,           0.0010851,           0.0010851,           0.0010851
                 471,            0.033284,            0.037876,            0.010154,             0.88354,             0.80709,             0.89086,              0.6522,            0.025472,            0.021103,            0.003856,           0.0010797,           0.0010797,           0.0010797
                 472,             0.03323,            0.037826,             0.01004,             0.88521,             0.80426,             0.89064,             0.65147,            0.025463,            0.021091,           0.0038481,           0.0010745,           0.0010745,           0.0010745
                 473,            0.033426,            0.038097,            0.010054,             0.88061,               0.809,             0.89085,             0.65217,            0.025456,            0.021085,           0.0038418,           0.0010695,           0.0010695,           0.0010695
                 474,            0.033218,            0.038066,            0.010086,              0.8855,             0.80562,              0.8908,             0.65271,            0.025449,            0.021079,           0.0038369,           0.0010646,           0.0010646,           0.0010646
                 475,             0.03332,            0.038051,           0.0099876,             0.88665,             0.80676,             0.89089,             0.65274,            0.025445,            0.021068,           0.0038347,           0.0010599,           0.0010599,           0.0010599
                 476,             0.03338,            0.037815,            0.010082,             0.88697,             0.80665,             0.89102,             0.65375,            0.025441,            0.021062,             0.00383,           0.0010554,           0.0010554,           0.0010554
                 477,            0.033164,             0.03751,            0.010092,             0.86253,             0.82206,             0.89091,             0.65341,            0.025438,            0.021059,           0.0038274,           0.0010511,           0.0010511,           0.0010511
                 478,            0.033234,            0.037799,            0.010113,             0.85902,             0.82535,             0.89094,             0.65271,            0.025434,            0.021056,           0.0038245,           0.0010469,           0.0010469,           0.0010469
                 479,            0.033185,            0.037565,            0.010033,             0.85925,             0.82622,              0.8909,             0.65318,            0.025431,             0.02105,           0.0038198,           0.0010429,           0.0010429,           0.0010429
                 480,            0.033267,            0.038075,            0.010092,              0.8598,             0.82555,             0.89146,             0.65319,             0.02543,            0.021045,           0.0038165,           0.0010391,           0.0010391,           0.0010391
                 481,            0.033372,            0.038019,            0.010135,             0.86048,             0.82558,             0.89184,             0.65378,             0.02543,            0.021041,           0.0038146,           0.0010355,           0.0010355,           0.0010355
                 482,            0.033283,            0.037976,            0.010106,             0.86691,             0.82456,              0.8927,             0.65429,            0.025426,            0.021034,           0.0038113,            0.001032,            0.001032,            0.001032
                 483,            0.033204,            0.037962,            0.010057,             0.86736,             0.82215,             0.89244,              0.6545,            0.025423,            0.021029,             0.00381,           0.0010287,           0.0010287,           0.0010287
                 484,            0.033197,            0.037449,            0.010145,             0.86379,             0.82365,             0.89245,             0.65478,            0.025417,            0.021021,           0.0038084,           0.0010256,           0.0010256,           0.0010256
                 485,            0.033255,            0.038125,            0.010131,             0.86405,             0.82244,             0.89269,             0.65506,            0.025412,            0.021011,           0.0038041,           0.0010227,           0.0010227,           0.0010227
                 486,            0.033159,            0.037812,            0.010004,              0.8665,             0.82179,             0.89316,             0.65526,            0.025405,            0.021001,           0.0037968,             0.00102,             0.00102,             0.00102
                 487,             0.03321,            0.037697,            0.010108,             0.83627,              0.8426,               0.893,             0.65565,            0.025401,            0.020996,           0.0037922,           0.0010174,           0.0010174,           0.0010174
                 488,            0.033247,            0.037986,            0.010107,             0.83612,             0.84344,             0.89298,             0.65553,            0.025396,             0.02099,           0.0037865,            0.001015,            0.001015,            0.001015
                 489,            0.033118,            0.037689,            0.010144,              0.8597,             0.82259,             0.89403,             0.65552,            0.025388,            0.020984,           0.0037817,           0.0010128,           0.0010128,           0.0010128
                 490,            0.033232,            0.037944,            0.010001,             0.86147,             0.82122,             0.89402,             0.65557,            0.025383,            0.020977,           0.0037784,           0.0010107,           0.0010107,           0.0010107
                 491,            0.033289,            0.037696,           0.0099831,             0.86227,             0.82432,             0.89343,             0.65551,            0.025376,            0.020967,           0.0037741,           0.0010089,           0.0010089,           0.0010089
                 492,            0.033162,            0.037807,           0.0098997,             0.85874,             0.82644,              0.8923,             0.65585,            0.025371,             0.02096,           0.0037695,           0.0010072,           0.0010072,           0.0010072
                 493,            0.033264,            0.037937,           0.0099735,             0.88864,             0.80793,             0.89216,              0.6549,            0.025371,            0.020957,           0.0037673,           0.0010057,           0.0010057,           0.0010057
                 494,             0.03303,            0.037652,            0.010022,             0.88858,             0.80858,             0.89228,             0.65551,            0.025365,            0.020955,           0.0037641,           0.0010044,           0.0010044,           0.0010044
                 495,            0.033205,            0.038136,            0.010089,             0.84643,             0.83653,             0.89372,             0.65635,            0.025364,            0.020952,           0.0037605,           0.0010032,           0.0010032,           0.0010032
                 496,             0.03322,             0.03788,            0.010022,             0.85227,             0.83141,             0.89299,              0.6569,             0.02536,            0.020946,           0.0037578,           0.0010022,           0.0010022,           0.0010022
                 497,            0.033203,            0.037588,            0.010034,             0.84604,             0.83721,             0.89334,             0.65601,            0.025356,            0.020944,           0.0037547,           0.0010014,           0.0010014,           0.0010014
                 498,            0.033216,            0.037706,            0.010126,             0.84702,             0.83678,             0.89336,              0.6559,            0.025351,            0.020938,           0.0037505,           0.0010008,           0.0010008,           0.0010008
                 499,            0.033267,            0.038153,            0.010016,             0.85832,             0.82931,             0.89308,             0.65621,            0.025345,            0.020932,            0.003745,           0.0010004,           0.0010004,           0.0010004
